Order, SmallGroup_ID, StructureDescription, CenterSize
2,1,"C2",2
4,2,"C2 x C2",4
6,1,"S3",1
8,3,"D8",2
8,4,"Q8",2
8,5,"C2 x C2 x C2",8
10,1,"D10",1
12,4,"D12",2
14,1,"D14",1
16,7,"D16",2
16,9,"Q16",2
16,11,"C2 x D8",4
16,12,"C2 x Q8",4
16,14,"C2 x C2 x C2 x C2",16
18,1,"D18",1
18,4,"(C3 x C3) : C2",1
20,4,"D20",2
22,1,"D22",1
24,4,"C3 : Q8",2
24,6,"D24",2
24,12,"S4",1
24,14,"C2 x C2 x S3",4
26,1,"D26",1
28,3,"D28",2
30,3,"D30",1
32,18,"D32",2
32,20,"Q32",2
32,27,"(C2 x C2 x C2 x C2) : C2",4
32,34,"(C4 x C4) : C2",4
32,35,"C4 : Q8",4
32,39,"C2 x D16",4
32,41,"C2 x Q16",4
32,46,"C2 x C2 x D8",8
32,47,"C2 x C2 x Q8",8
32,49,"(C2 x C2 x C2) : (C2 x C2)",2
32,50,"(C2 x Q8) : C2",2
32,51,"C2 x C2 x C2 x C2 x C2",32
34,1,"D34",1
36,4,"D36",2
36,10,"S3 x S3",1
36,13,"C2 x ((C3 x C3) : C2)",2
38,1,"D38",1
40,4,"C5 : Q8",2
40,6,"D40",2
40,13,"C2 x C2 x D10",4
42,5,"D42",1
44,3,"D44",2
46,1,"D46",1
48,7,"D48",2
48,8,"C3 : Q16",2
48,34,"C2 x (C3 : Q8)",4
48,36,"C2 x D24",4
48,38,"D8 x S3",2
48,40,"Q8 x S3",2
48,48,"C2 x S4",2
48,51,"C2 x C2 x C2 x S3",8
50,1,"D50",1
50,4,"(C5 x C5) : C2",1
52,4,"D52",2
54,1,"D54",1
54,7,"(C9 x C3) : C2",1
54,14,"(C3 x C3 x C3) : C2",1
56,3,"C7 : Q8",2
56,5,"D56",2
56,12,"C2 x C2 x D14",4
58,1,"D58",1
60,8,"S3 x D10",1
60,12,"D60",2
62,1,"D62",1
64,52,"D64",2
64,54,"Q64",2
64,134,"((C4 x C4) : C2) : C2",2
64,137,"(C4 : Q8) : C2",2
64,138,"((C2 x C2 x C2 x C2) : C2) : C2",2
64,174,"((C4 x C4) : C2) : C2",4
64,175,"C4 : Q16",4
64,181,"C8 : Q8",4
64,186,"C2 x D32",4
64,188,"C2 x Q32",4
64,202,"C2 x ((C2 x C2 x C2 x C2) : C2)",8
64,211,"C2 x ((C4 x C4) : C2)",8
64,212,"C2 x (C4 : Q8)",8
64,226,"D8 x D8",4
64,230,"Q8 x D8",4
64,239,"Q8 x Q8",4
64,250,"C2 x C2 x D16",8
64,252,"C2 x C2 x Q16",8
64,257,"(C2 x D16) : C2",2
64,259,"(C2 x Q16) : C2",2
64,261,"C2 x C2 x C2 x D8",16
64,262,"C2 x C2 x C2 x Q8",16
64,264,"C2 x ((C2 x C2 x C2) : (C2 x C2))",4
64,265,"C2 x ((C2 x Q8) : C2)",4
64,267,"C2 x C2 x C2 x C2 x C2 x C2",64
66,3,"D66",1
68,4,"D68",2
70,3,"D70",1
72,4,"C9 : Q8",2
72,6,"D72",2
72,17,"C2 x C2 x D18",4
72,31,"(C3 x C3) : Q8",2
72,33,"(C12 x C3) : C2",2
72,40,"(S3 x S3) : C2",1
72,46,"C2 x S3 x S3",2
72,49,"C2 x C2 x ((C3 x C3) : C2)",4
74,1,"D74",1
76,3,"D76",2
78,5,"D78",1
80,7,"D80",2
80,8,"C5 : Q16",2
80,35,"C2 x (C5 : Q8)",4
80,37,"C2 x D40",4
80,39,"D8 x D10",2
80,41,"Q8 x D10",2
80,51,"C2 x C2 x C2 x D10",8
82,1,"D82",1
84,8,"S3 x D14",1
84,14,"D84",2
86,1,"D86",1
88,3,"C11 : Q8",2
88,5,"D88",2
88,11,"C2 x C2 x D22",4
90,3,"D90",1
90,9,"(C15 x C3) : C2",1
92,3,"D92",2
94,1,"D94",1
96,6,"D96",2
96,8,"C3 : Q32",2
96,76,"C3 : (C4 : Q8)",4
96,81,"C3 : ((C4 x C4) : C2)",4
96,110,"C2 x D48",4
96,112,"C2 x (C3 : Q16)",4
96,117,"D16 x S3",2
96,124,"Q16 x S3",2
96,191,"(C2 . S4 = SL(2;3) . C2) : C2",2
96,193,"(((C4 x C2) : C2) : C3) : C2",2
96,205,"C2 x C2 x (C3 : Q8)",8
96,207,"C2 x C2 x D24",8
96,209,"C2 x D8 x S3",4
96,212,"C2 x Q8 x S3",4
96,216,"C3 : ((C2 x C2 x C2) : (C2 x C2))",2
96,217,"C3 : ((C2 x Q8) : C2)",2
96,226,"C2 x C2 x S4",4
96,230,"C2 x C2 x C2 x C2 x S3",16
98,1,"D98",1
98,4,"(C7 x C7) : C2",1
100,4,"D100",2
100,13,"D10 x D10",1
100,15,"C2 x ((C5 x C5) : C2)",2
102,3,"D102",1
104,4,"C13 : Q8",2
104,6,"D104",2
104,13,"C2 x C2 x D26",4
106,1,"D106",1
108,4,"D108",2
108,16,"S3 x D18",1
108,27,"C2 x ((C9 x C3) : C2)",2
108,39,"((C3 x C3) : C2) x S3",1
108,44,"C2 x ((C3 x C3 x C3) : C2)",2
110,5,"D110",1
112,6,"D112",2
112,7,"C7 : Q16",2
112,27,"C2 x (C7 : Q8)",4
112,29,"C2 x D56",4
112,31,"D8 x D14",2
112,33,"Q8 x D14",2
112,42,"C2 x C2 x C2 x D14",8
114,5,"D114",1
116,4,"D116",2
118,1,"D118",1
120,26,"C3 : (C5 : Q8)",2
120,28,"D120",2
120,42,"C2 x S3 x D10",2
120,46,"C2 x C2 x D30",4
122,1,"D122",1
124,3,"D124",2
126,5,"D126",1
126,15,"(C3 x C3) : D14",1
128,161,"D128",2
128,163,"Q128",2
128,444,"(((C4 x C4) : C2) : C2) : C2",4
128,445,"C8 : Q16",4
128,928,"(((C2 x C2 x C2) : (C2 x C2)) : C2) : C2",2
128,937,"(Q8 x Q8) : C2",2
128,978,"((C2 x D16) : C2) : C2",4
128,979,"C4 : Q32",4
128,984,"C16 : Q8",4
128,991,"C2 x D64",4
128,993,"C2 x Q64",4
128,1578,"(C2 x ((C2 x C2 x C2 x C2) : C2)) : C2",8
128,1599,"(C2 x ((C4 x C4) : C2)) : C2",8
128,1600,"(C4 x C4) : Q8",8
128,1740,"(C2 x C2 x D16) : C2",4
128,1743,"(C2 x C2 x Q16) : C2",4
128,1746,"C2 x (((C4 x C4) : C2) : C2)",4
128,1749,"C2 x ((C4 : Q8) : C2)",4
128,1755,"C2 x (((C2 x C2 x C2 x C2) : C2) : C2)",4
128,1876,"C2 x (((C4 x C4) : C2) : C2)",8
128,1877,"C2 x (C4 : Q16)",8
128,1891,"C2 x (C8 : Q8)",8
128,2011,"D8 x D16",4
128,2018,"D8 x Q16",4
128,2024,"((C8 : (C2 x C2)) : C2) : C2",2
128,2025,"(((C2 x Q8) : C2) : C2) : C2",2
128,2110,"Q8 x D16",4
128,2114,"Q8 x Q16",4
128,2140,"C2 x C2 x D32",8
128,2142,"C2 x C2 x Q32",8
128,2147,"(C2 x D32) : C2",2
128,2149,"(C2 x Q32) : C2",2
128,2163,"C2 x C2 x ((C2 x C2 x C2 x C2) : C2)",16
128,2172,"C2 x C2 x ((C4 x C4) : C2)",16
128,2173,"C2 x C2 x (C4 : Q8)",16
128,2194,"C2 x D8 x D8",8
128,2198,"C2 x Q8 x D8",8
128,2209,"C2 x Q8 x Q8",8
128,2216,"(C2 x ((C2 x C2 x C2 x C2) : C2)) : C2",4
128,2218,"((C2 x ((C4 x C2) : C2)) : C2) : C2",4
128,2230,"((C2 x ((C4 x C2) : C2)) : C2) : C2",4
128,2231,"((C2 x ((C4 x C2) : C2)) : C2) : C2",4
128,2235,"((C4 : Q8) : C2) : C2",4
128,2306,"C2 x C2 x C2 x D16",16
128,2308,"C2 x C2 x C2 x Q16",16
128,2313,"C2 x ((C2 x D16) : C2)",4
128,2315,"C2 x ((C2 x Q16) : C2)",4
128,2320,"C2 x C2 x C2 x C2 x D8",32
128,2321,"C2 x C2 x C2 x C2 x Q8",32
128,2323,"C2 x C2 x ((C2 x C2 x C2) : (C2 x C2))",8
128,2324,"C2 x C2 x ((C2 x Q8) : C2)",8
128,2326,"(C2 x ((C2 x C2 x C2) : (C2 x C2))) : C2",2
128,2327,"(C2 x ((C2 x Q8) : C2)) : C2",2
128,2328,"C2 x C2 x C2 x C2 x C2 x C2 x C2",128
130,3,"D130",1
132,5,"S3 x D22",1
132,9,"D132",2
134,1,"D134",1
136,4,"C17 : Q8",2
136,6,"D136",2
136,14,"C2 x C2 x D34",4
138,3,"D138",1
140,7,"D10 x D14",1
140,10,"D140",2
142,1,"D142",1
144,4,"C9 : Q16",2
144,8,"D144",2
144,37,"C2 x (C9 : Q8)",4
144,39,"C2 x D72",4
144,41,"D8 x D18",2
144,43,"Q8 x D18",2
144,88,"(C3 x C3) : D16",2
144,89,"(C3 x C3) : Q16",2
144,112,"C2 x C2 x C2 x D18",8
144,119,"(C3 x C3) : Q16",2
144,137,"(C3 : Q8) x S3",2
144,144,"D24 x S3",2
144,168,"C2 x ((C3 x C3) : Q8)",4
144,170,"C2 x ((C12 x C3) : C2)",4
144,172,"D8 x ((C3 x C3) : C2)",2
144,174,"Q8 x ((C3 x C3) : C2)",2
144,183,"S3 x S4",1
144,186,"C2 x ((S3 x S3) : C2)",2
144,192,"C2 x C2 x S3 x S3",4
144,196,"C2 x C2 x C2 x ((C3 x C3) : C2)",8
146,1,"D146",1
148,4,"D148",2
150,3,"D150",1
150,12,"C3 : ((C5 x C5) : C2)",1
152,3,"C19 : Q8",2
152,5,"D152",2
152,11,"C2 x C2 x D38",4
154,3,"D154",1
156,11,"S3 x D26",1
156,17,"D156",2
158,1,"D158",1
160,6,"D160",2
160,8,"C5 : Q32",2
160,90,"C5 : (C4 : Q8)",4
160,95,"C5 : ((C4 x C4) : C2)",4
160,124,"C2 x D80",4
160,126,"C2 x (C5 : Q16)",4
160,131,"D16 x D10",2
160,138,"Q16 x D10",2
160,213,"C2 x C2 x (C5 : Q8)",8
160,215,"C2 x C2 x D40",8
160,217,"C2 x D8 x D10",4
160,220,"C2 x Q8 x D10",4
160,224,"C5 : ((C2 x C2 x C2) : (C2 x C2))",2
160,225,"C5 : ((C2 x Q8) : C2)",2
160,234,"((C2 x C2 x C2 x C2) : C5) : C2",1
160,237,"C2 x C2 x C2 x C2 x D10",16
162,1,"D162",1
162,16,"(C9 x C9) : C2",1
162,18,"(C27 x C3) : C2",1
162,45,"(C9 x C3 x C3) : C2",1
162,54,"(C3 x C3 x C3 x C3) : C2",1
164,4,"D164",2
166,1,"D166",1
168,34,"C3 : (C7 : Q8)",2
168,36,"D168",2
168,50,"C2 x S3 x D14",2
168,56,"C2 x C2 x D42",4
170,3,"D170",1
172,3,"D172",2
174,3,"D174",1
176,6,"D176",2
176,7,"C11 : Q16",2
176,27,"C2 x (C11 : Q8)",4
176,29,"C2 x D88",4
176,31,"D8 x D22",2
176,33,"Q8 x D22",2
176,41,"C2 x C2 x C2 x D22",8
178,1,"D178",1
180,7,"D10 x D18",1
180,11,"D180",2
180,27,"((C3 x C3) : C2) x D10",1
180,29,"S3 x D30",1
180,36,"C2 x ((C15 x C3) : C2)",2
182,3,"D182",1
184,3,"C23 : Q8",2
184,5,"D184",2
184,11,"C2 x C2 x D46",4
186,5,"D186",1
188,3,"D188",2
190,3,"D190",1
192,7,"D192",2
192,9,"C3 : Q64",2
192,241,"C3 : (C8 : Q8)",4
192,254,"C3 : ((C2 x D16) : C2)",4
192,258,"C3 : (C4 : Q16)",4
192,461,"C2 x D96",4
192,464,"C2 x (C3 : Q32)",4
192,469,"D32 x S3",2
192,476,"Q32 x S3",2
192,955,"(((C2 x C2 x C2 x C2) : C2) : C3) : C2",1
192,956,"(((C4 x C4) : C2) : C3) : C2",1
192,1027,"C2 x (C3 : (C4 : Q8))",8
192,1034,"C2 x (C3 : ((C4 x C4) : C2))",8
192,1096,"D8 x (C3 : Q8)",4
192,1108,"D8 x D24",4
192,1125,"Q8 x (C3 : Q8)",4
192,1134,"Q8 x D24",4
192,1147,"((C2 x C2 x C2 x C2) : C2) x S3",4
192,1273,"((C4 x C4) : C2) x S3",4
192,1282,"(C4 : Q8) x S3",4
192,1299,"C2 x C2 x D48",8
192,1301,"C2 x C2 x (C3 : Q16)",8
192,1311,"C3 : ((C2 x D16) : C2)",2
192,1312,"C3 : (((C8 x C2) : C2) : C2)",2
192,1313,"C2 x D16 x S3",4
192,1322,"C2 x Q16 x S3",4
192,1328,"C3 : (((C2 x C2 x C2) : (C2 x C2)) : C2)",2
192,1330,"C3 : (((C2 x Q8) : C2) : C2)",2
192,1472,"D8 x S4",2
192,1477,"Q8 x S4",2
192,1479,"C2 x ((C2 . S4 = SL(2;3) . C2) : C2)",4
192,1481,"C2 x ((((C4 x C2) : C2) : C3) : C2)",4
192,1510,"C2 x C2 x C2 x (C3 : Q8)",16
192,1512,"C2 x C2 x C2 x D24",16
192,1514,"C2 x C2 x D8 x S3",8
192,1517,"C2 x C2 x Q8 x S3",8
192,1521,"C2 x (C3 : ((C2 x C2 x C2) : (C2 x C2)))",4
192,1522,"C2 x (C3 : ((C2 x Q8) : C2))",4
192,1524,"((C2 x C2 x C2) : (C2 x C2)) x S3",2
192,1526,"((C2 x Q8) : C2) x S3",2
192,1537,"C2 x C2 x C2 x S4",8
192,1542,"C2 x C2 x C2 x C2 x C2 x S3",32
194,1,"D194",1
196,3,"D196",2
196,9,"D14 x D14",1
196,11,"C2 x ((C7 x C7) : C2)",2
198,3,"D198",1
198,9,"(C3 x C3) : D22",1
200,4,"C25 : Q8",2
200,6,"D200",2
200,13,"C2 x C2 x D50",4
200,32,"(C5 x C5) : Q8",2
200,34,"(C5 x C5) : D8",2
200,49,"C2 x D10 x D10",2
200,51,"C2 x C2 x ((C5 x C5) : C2)",4
202,1,"D202",1
204,7,"S3 x D34",1
204,11,"D204",2
206,1,"D206",1
208,7,"D208",2
208,8,"C13 : Q16",2
208,35,"C2 x (C13 : Q8)",4
208,37,"C2 x D104",4
208,39,"D8 x D26",2
208,41,"Q8 x D26",2
208,50,"C2 x C2 x C2 x D26",8
210,11,"D210",1
212,4,"D212",2
214,1,"D214",1
216,4,"C27 : Q8",2
216,6,"D216",2
216,23,"C2 x C2 x D54",4
216,63,"(C9 x C3) : Q8",2
216,65,"(C9 x C3) : D8",2
216,87,"((C3 x C3) : C3) : D8",1
216,101,"C2 x S3 x D18",2
216,112,"C2 x C2 x ((C9 x C3) : C2)",4
216,145,"(C3 x C3 x C3) : Q8",2
216,147,"(C3 x C3 x C3) : D8",2
216,162,"S3 x S3 x S3",1
216,171,"C2 x (((C3 x C3) : C2) x S3)",2
216,176,"C2 x C2 x ((C3 x C3 x C3) : C2)",4
218,1,"D218",1
220,11,"D10 x D22",1
220,14,"D220",2
222,5,"D222",1
224,5,"D224",2
224,7,"C7 : Q32",2
224,64,"C7 : (C4 : Q8)",4
224,69,"C7 : ((C4 x C4) : C2)",4
224,98,"C2 x D112",4
224,100,"C2 x (C7 : Q16)",4
224,105,"D16 x D14",2
224,112,"Q16 x D14",2
224,174,"C2 x C2 x (C7 : Q8)",8
224,176,"C2 x C2 x D56",8
224,178,"C2 x D8 x D14",4
224,181,"C2 x Q8 x D14",4
224,185,"C7 : ((C2 x C2 x C2) : (C2 x C2))",2
224,186,"C7 : ((C2 x Q8) : C2)",2
224,196,"C2 x C2 x C2 x C2 x D14",16
226,1,"D226",1
228,8,"S3 x D38",1
228,14,"D228",2
230,3,"D230",1
232,4,"C29 : Q8",2
232,6,"D232",2
232,13,"C2 x C2 x D58",4
234,5,"D234",1
234,15,"(C3 x C3) : D26",1
236,3,"D236",2
238,3,"D238",1
240,68,"D240",2
240,69,"C3 : (C5 : Q16)",2
240,125,"(C3 : Q8) x D10",2
240,128,"S3 x (C5 : Q8)",2
240,136,"D24 x D10",2
240,137,"S3 x D40",2
240,175,"C2 x (C3 : (C5 : Q8))",4
240,177,"C2 x D120",4
240,179,"D8 x D30",2
240,181,"Q8 x D30",2
240,194,"D10 x S4",1
240,202,"C2 x C2 x S3 x D10",4
240,207,"C2 x C2 x C2 x D30",8
242,1,"D242",1
242,4,"(C11 x C11) : C2",1
244,4,"D244",2
246,3,"D246",1
248,3,"C31 : Q8",2
248,5,"D248",2
248,11,"C2 x C2 x D62",4
250,1,"D250",1
250,7,"(C25 x C5) : C2",1
250,14,"(C5 x C5 x C5) : C2",1
252,8,"D14 x D18",1
252,14,"D252",2
252,34,"((C3 x C3) : C2) x D14",1
252,36,"S3 x D42",1
252,45,"C2 x ((C3 x C3) : D14)",2
254,1,"D254",1
256,539,"D256",2
256,541,"Q256",2
256,5503,"((((C4 x C4) : C2) : C2) : C2) : C2",4
256,5504,"C8 : Q32",4
256,5509,"C16 : Q16",4
256,6713,"((C2 x D32) : C2) : C2",4
256,6714,"C4 : Q64",4
256,6719,"C32 : Q8",4
256,6726,"C2 x D128",4
256,6728,"C2 x Q128",4
256,11242,"(((C2 x C2 x D8) : C2) : C2) : C2",4
256,11247,"(((C4 x C2) : Q8) : C2) : C2",4
256,11702,"((((C4 x C4) : C2) : C2) : C2) : C2",4
256,11707,"((Q8 : Q8) : C2) : C2",4
256,11724,"((C8 : Q8) : C2) : C2",4
256,12061,"((((C4 x C4) : C2) : C2) : C2) : C2",4
256,12066,"((C8 : Q8) : C2) : C2",4
256,12589,"C2 x ((((C4 x C4) : C2) : C2) : C2)",8
256,12590,"C2 x (C8 : Q16)",8
256,12955,"D16 x D16",4
256,12962,"Q16 x D16",4
256,12997,"Q16 x Q16",4
256,25882,"((C2 x (C8 : (C2 x C2))) : C2) : C2",2
256,25885,"((C2 x ((C2 x Q8) : C2)) : C2) : C2",2
256,26289,"(C2 x (((C4 x C4) : C2) : C2)) : C2",8
256,26290,"(C4 x C4) : Q16",8
256,26300,"(C8 x C4) : Q8",8
256,26531,"C2 x ((((C2 x C2 x C2) : (C2 x C2)) : C2) : C2)",4
256,26554,"C2 x ((Q8 x Q8) : C2)",4
256,26697,"C2 x (((C2 x D16) : C2) : C2)",8
256,26698,"C2 x (C4 : Q32)",8
256,26711,"C2 x (C16 : Q8)",8
256,26833,"D8 x D32",4
256,26840,"D8 x Q32",4
256,26846,"(((C2 x D16) : C2) : C2) : C2",2
256,26848,"(((C2 x Q16) : C2) : C2) : C2",2
256,26933,"Q8 x D32",4
256,26937,"Q8 x Q32",4
256,26963,"C2 x C2 x D64",8
256,26965,"C2 x C2 x Q64",8
256,26970,"(C2 x D64) : C2",2
256,26972,"(C2 x Q64) : C2",2
256,28334,"((C2 x ((C2 x C2 x C2 x C2) : C2)) : C2) : C2",8
256,28378,"((C2 x ((C2 x C2 x C2 x C2) : C2)) : C2) : C2",8
256,28515,"(((C4 x C2 x C2 x C2) : C2) : C2) : C2",8
256,28564,"((C4 : C4) : Q8) : C2",8
256,28654,"(((C4 x C2 x C2 x C2) : C2) : C2) : C2",8
256,29080,"((C2 x C2 x C2 x C2) : C2) x D8",8
256,29107,"((C4 x C4) : C2) x D8",8
256,29108,"(C4 : Q8) x D8",8
256,29528,"((C2 x C2 x C2 x C2) : C2) x Q8",8
256,29545,"((C4 x C4) : C2) x Q8",8
256,29546,"(C4 : Q8) x Q8",8
256,29598,"C2 x ((C2 x ((C2 x C2 x C2 x C2) : C2)) : C2)",16
256,29630,"C2 x ((C2 x ((C4 x C4) : C2)) : C2)",16
256,29631,"C2 x ((C4 x C4) : Q8)",16
256,53348,"C2 x ((C2 x C2 x D16) : C2)",8
256,53351,"C2 x ((C2 x C2 x Q16) : C2)",8
256,53366,"C2 x C2 x (((C4 x C4) : C2) : C2)",8
256,53369,"C2 x C2 x ((C4 : Q8) : C2)",8
256,53376,"(C2 x (((C4 x C4) : C2) : C2)) : C2",2
256,53379,"(C2 x ((C4 : Q8) : C2)) : C2",2
256,53380,"C2 x C2 x (((C2 x C2 x C2 x C2) : C2) : C2)",8
256,53387,"(C2 x (((C2 x C2 x C2 x C2) : C2) : C2)) : C2",2
256,53388,"((((C2 x C2 x C2 x C2) : C2) : C2) : C2) : C2",2
256,53617,"C2 x C2 x (((C4 x C4) : C2) : C2)",16
256,53618,"C2 x C2 x (C4 : Q16)",16
256,53635,"(C2 x (((C4 x C4) : C2) : C2)) : C2",4
256,53636,"(C2 x (C4 : Q16)) : C2",4
256,53642,"C2 x C2 x (C8 : Q8)",16
256,53655,"(C2 x (C8 : Q8)) : C2",4
256,54027,"C2 x D8 x D16",8
256,54034,"C2 x D8 x Q16",8
256,54037,"((C2 x (C8 : (C2 x C2))) : C2) : C2",4
256,54041,"((C2 x ((C2 x Q8) : C2)) : C2) : C2",4
256,54077,"((C2 x (C8 : (C2 x C2))) : C2) : C2",4
256,54079,"((C2 x ((C2 x Q8) : C2)) : C2) : C2",4
256,54091,"C2 x (((C8 : (C2 x C2)) : C2) : C2)",4
256,54092,"C2 x ((((C2 x Q8) : C2) : C2) : C2)",4
256,54339,"C2 x Q8 x D16",8
256,54343,"C2 x Q8 x Q16",8
256,54361,"(((C4 : Q8) : C2) : C2) : C2",4
256,54618,"((((C4 x C2 x C2) : C2) : C2) : C2) : C2",4
256,54622,"((((C2 x Q8) : C2) : C2) : C2) : C2",4
256,54649,"((((C4 x C2 x C2) : C2) : C2) : C2) : C2",4
256,54653,"((((C2 x Q8) : C2) : C2) : C2) : C2",4
256,54858,"((((C4 x C4) : C2) : C2) : C2) : C2",4
256,55403,"((((C4 x C2 x C2) : C2) : C2) : C2) : C2",4
256,55404,"((C4 : Q16) : C2) : C2",4
256,55459,"((((C4 x C2 x C2) : C2) : C2) : C2) : C2",4
256,55460,"((C8 : Q8) : C2) : C2",4
256,55613,"C2 x C2 x C2 x D32",16
256,55615,"C2 x C2 x C2 x Q32",16
256,55620,"C2 x ((C2 x D32) : C2)",4
256,55622,"C2 x ((C2 x Q32) : C2)",4
256,55643,"C2 x C2 x C2 x ((C2 x C2 x C2 x C2) : C2)",32
256,55652,"C2 x C2 x C2 x ((C4 x C4) : C2)",32
256,55653,"C2 x C2 x C2 x (C4 : Q8)",32
256,55683,"C2 x C2 x D8 x D8",16
256,55684,"C2 x C2 x Q8 x D8",16
256,55700,"C2 x C2 x Q8 x Q8",16
256,55751,"C2 x ((C2 x ((C2 x C2 x C2 x C2) : C2)) : C2)",8
256,55770,"C2 x ((((C2 x C2 x C2 x C2) : C2) : C2) : C2)",8
256,55783,"C2 x ((((C4 x C4) : C2) : C2) : C2)",8
256,55784,"C2 x (((C4 : Q8) : C2) : C2)",8
256,55790,"C2 x (((C4 : Q8) : C2) : C2)",8
256,55805,"((D8 x D8) : C2) : C2",4
256,55820,"((((C2 x C2 x C2 x C2) : C2) : C2) : C2) : C2",4
256,55821,"((((C4 x C2 x C2) : C2) : C2) : C2) : C2",4
256,55969,"D8 x ((C2 x C2 x C2) : (C2 x C2))",4
256,55970,"Q8 x ((C2 x C2 x C2) : (C2 x C2))",4
256,55984,"D8 x ((C2 x Q8) : C2)",4
256,55985,"Q8 x ((C2 x Q8) : C2)",4
256,55999,"(C2 x D8 x D8) : C2",4
256,56004,"(C2 x Q8 x D8) : C2",4
256,56025,"(C2 x Q8 x Q8) : C2",4
256,56028,"(((C4 x D8) : C2) : C2) : C2",4
256,56065,"C2 x C2 x C2 x C2 x D16",32
256,56067,"C2 x C2 x C2 x C2 x Q16",32
256,56072,"C2 x C2 x ((C2 x D16) : C2)",8
256,56074,"C2 x C2 x ((C2 x Q16) : C2)",8
256,56079,"(C2 x ((C2 x D16) : C2)) : C2",2
256,56081,"(C2 x ((C2 x Q16) : C2)) : C2",2
256,56083,"C2 x C2 x C2 x C2 x C2 x D8",64
256,56084,"C2 x C2 x C2 x C2 x C2 x Q8",64
256,56086,"C2 x C2 x C2 x ((C2 x C2 x C2) : (C2 x C2))",16
256,56087,"C2 x C2 x C2 x ((C2 x Q8) : C2)",16
256,56089,"C2 x ((C2 x ((C2 x C2 x C2) : (C2 x C2))) : C2)",4
256,56090,"C2 x ((C2 x ((C2 x Q8) : C2)) : C2)",4
256,56092,"C2 x C2 x C2 x C2 x C2 x C2 x C2 x C2",256
258,5,"D258",1
260,11,"D10 x D26",1
260,14,"D260",2
262,1,"D262",1
264,23,"C3 : (C11 : Q8)",2
264,25,"D264",2
264,34,"C2 x S3 x D22",2
264,38,"C2 x C2 x D66",4
266,3,"D266",1
268,3,"D268",2
270,3,"D270",1
270,18,"(C9 x C3) : D10",1
270,29,"(C3 x C3 x C3) : D10",1
272,7,"D272",2
272,8,"C17 : Q16",2
272,36,"C2 x (C17 : Q8)",4
272,38,"C2 x D136",4
272,40,"D8 x D34",2
272,42,"Q8 x D34",2
272,53,"C2 x C2 x C2 x D34",8
274,1,"D274",1
276,5,"S3 x D46",1
276,9,"D276",2
278,1,"D278",1
280,24,"C5 : (C7 : Q8)",2
280,26,"D280",2
280,36,"C2 x D10 x D14",2
280,39,"C2 x C2 x D70",4
282,3,"D282",1
284,3,"D284",2
286,3,"D286",1
288,6,"D288",2
288,8,"C9 : Q32",2
288,79,"C9 : (C4 : Q8)",4
288,84,"C9 : ((C4 x C4) : C2)",4
288,109,"C2 x (C9 : Q16)",4
288,114,"C2 x D144",4
288,120,"D16 x D18",2
288,127,"Q16 x D18",2
288,274,"(C3 x C3) : D32",2
288,276,"(C3 x C3) : Q32",2
288,352,"C2 x C2 x (C9 : Q8)",8
288,354,"C2 x C2 x D72",8
288,356,"C2 x D8 x D18",4
288,359,"C2 x Q8 x D18",4
288,363,"C9 : ((C2 x C2 x C2) : (C2 x C2))",2
288,364,"C9 : ((C2 x Q8) : C2)",2
288,441,"D48 x S3",2
288,447,"(C3 : Q16) x S3",2
288,726,"(C3 x C3) : (C4 : Q8)",4
288,731,"(C3 x C3) : ((C4 x C4) : C2)",4
288,760,"C2 x ((C3 x C3) : D16)",4
288,762,"C2 x ((C3 x C3) : Q16)",4
288,767,"D16 x ((C3 x C3) : C2)",2
288,774,"Q16 x ((C3 x C3) : C2)",2
288,839,"C2 x C2 x C2 x C2 x D18",16
288,888,"C2 x ((C3 x C3) : Q16)",4
288,942,"C2 x ((C3 : Q8) x S3)",4
288,946,"(C3 x C3) : ((C2 x Q8) : C2)",2
288,951,"C2 x D24 x S3",4
288,956,"(C3 x C3) : ((C2 x C2 x C2) : (C2 x C2))",2
288,958,"D8 x S3 x S3",2
288,965,"Q8 x S3 x S3",2
288,1003,"C2 x C2 x ((C3 x C3) : Q8)",8
288,1005,"C2 x C2 x ((C12 x C3) : C2)",8
288,1007,"C2 x (D8 x ((C3 x C3) : C2))",4
288,1010,"C2 x (Q8 x ((C3 x C3) : C2))",4
288,1014,"(C3 x C3) : ((C2 x C2 x C2) : (C2 x C2))",2
288,1015,"(C3 x C3) : ((C2 x Q8) : C2)",2
288,1028,"C2 x S3 x S4",2
288,1031,"C2 x C2 x ((S3 x S3) : C2)",4
288,1040,"C2 x C2 x C2 x S3 x S3",8
288,1044,"C2 x C2 x C2 x C2 x ((C3 x C3) : C2)",16
290,3,"D290",1
292,4,"D292",2
294,5,"D294",1
294,22,"C3 : ((C7 x C7) : C2)",1
296,4,"C37 : Q8",2
296,6,"D296",2
296,13,"C2 x C2 x D74",4
298,1,"D298",1
300,7,"S3 x D50",1
300,11,"D300",2
300,25,"(C5 x C5) : D12",1
300,38,"S3 x ((C5 x C5) : C2)",1
300,39,"D10 x D30",1
300,48,"C2 x (C3 : ((C5 x C5) : C2))",2
302,1,"D302",1
304,6,"D304",2
304,7,"C19 : Q16",2
304,27,"C2 x (C19 : Q8)",4
304,29,"C2 x D152",4
304,31,"D8 x D38",2
304,33,"Q8 x D38",2
304,41,"C2 x C2 x C2 x D38",8
306,3,"D306",1
306,9,"(C3 x C3) : D34",1
308,5,"D14 x D22",1
308,8,"D308",2
310,5,"D310",1
312,37,"C3 : (C13 : Q8)",2
312,39,"D312",2
312,54,"C2 x S3 x D26",2
312,60,"C2 x C2 x D78",4
314,1,"D314",1
316,3,"D316",2
318,3,"D318",1
320,6,"D320",2
320,8,"C5 : Q64",2
320,309,"C5 : (C8 : Q8)",4
320,322,"C5 : ((C2 x D16) : C2)",4
320,326,"C5 : (C4 : Q16)",4
320,529,"C2 x D160",4
320,532,"C2 x (C5 : Q32)",4
320,537,"D32 x D10",2
320,544,"Q32 x D10",2
320,1140,"C2 x (C5 : (C4 : Q8))",8
320,1147,"C2 x (C5 : ((C4 x C4) : C2))",8
320,1209,"D8 x (C5 : Q8)",4
320,1221,"D8 x D40",4
320,1238,"Q8 x (C5 : Q8)",4
320,1247,"Q8 x D40",4
320,1260,"((C2 x C2 x C2 x C2) : C2) x D10",4
320,1386,"((C4 x C4) : C2) x D10",4
320,1395,"(C4 : Q8) x D10",4
320,1412,"C2 x C2 x D80",8
320,1414,"C2 x C2 x (C5 : Q16)",8
320,1424,"C5 : ((C2 x D16) : C2)",2
320,1425,"C5 : (((C8 x C2) : C2) : C2)",2
320,1426,"C2 x D16 x D10",4
320,1435,"C2 x Q16 x D10",4
320,1441,"C5 : (((C2 x C2 x C2) : (C2 x C2)) : C2)",2
320,1443,"C5 : (((C2 x Q8) : C2) : C2)",2
320,1608,"C2 x C2 x C2 x (C5 : Q8)",16
320,1610,"C2 x C2 x C2 x D40",16
320,1612,"C2 x C2 x D8 x D10",8
320,1615,"C2 x C2 x Q8 x D10",8
320,1619,"C2 x (C5 : ((C2 x C2 x C2) : (C2 x C2)))",4
320,1620,"C2 x (C5 : ((C2 x Q8) : C2))",4
320,1622,"((C2 x C2 x C2) : (C2 x C2)) x D10",2
320,1624,"((C2 x Q8) : C2) x D10",2
320,1636,"C2 x (((C2 x C2 x C2 x C2) : C5) : C2)",2
320,1639,"C2 x C2 x C2 x C2 x C2 x D10",32
322,3,"D322",1
324,4,"D324",2
324,36,"D18 x D18",1
324,38,"S3 x D54",1
324,74,"C2 x ((C9 x C9) : C2)",2
324,76,"C2 x ((C27 x C3) : C2)",2
324,119,"((C3 x C3) : C2) x D18",1
324,120,"S3 x ((C9 x C3) : C2)",1
324,149,"C2 x ((C9 x C3 x C3) : C2)",2
324,168,"((C3 x C3 x C3) : C2) x S3",1
324,169,"((C3 x C3) : C2) x ((C3 x C3) : C2)",1
324,175,"C2 x ((C3 x C3 x C3 x C3) : C2)",2
326,1,"D326",1
328,4,"C41 : Q8",2
328,6,"D328",2
328,14,"C2 x C2 x D82",4
330,11,"D330",1
332,3,"D332",2
334,1,"D334",1
336,93,"D336",2
336,94,"C3 : (C7 : Q16)",2
336,137,"(C3 : Q8) x D14",2
336,140,"S3 x (C7 : Q8)",2
336,148,"D24 x D14",2
336,149,"S3 x D56",2
336,194,"C2 x (C3 : (C7 : Q8))",4
336,196,"C2 x D168",4
336,198,"D8 x D42",2
336,200,"Q8 x D42",2
336,212,"D14 x S4",1
336,219,"C2 x C2 x S3 x D14",4
336,227,"C2 x C2 x C2 x D42",8
338,1,"D338",1
338,4,"(C13 x C13) : C2",1
340,11,"D10 x D34",1
340,14,"D340",2
342,5,"D342",1
342,17,"(C3 x C3) : D38",1
344,3,"C43 : Q8",2
344,5,"D344",2
344,11,"C2 x C2 x D86",4
346,1,"D346",1
348,7,"S3 x D58",1
348,11,"D348",2
350,3,"D350",1
350,9,"(C5 x C5) : D14",1
352,5,"D352",2
352,7,"C11 : Q32",2
352,64,"C11 : (C4 : Q8)",4
352,69,"C11 : ((C4 x C4) : C2)",4
352,98,"C2 x D176",4
352,100,"C2 x (C11 : Q16)",4
352,105,"D16 x D22",2
352,112,"Q16 x D22",2
352,173,"C2 x C2 x (C11 : Q8)",8
352,175,"C2 x C2 x D88",8
352,177,"C2 x D8 x D22",4
352,180,"C2 x Q8 x D22",4
352,184,"C11 : ((C2 x C2 x C2) : (C2 x C2))",2
352,185,"C11 : ((C2 x Q8) : C2)",2
352,194,"C2 x C2 x C2 x C2 x D22",16
354,3,"D354",1
356,4,"D356",2
358,1,"D358",1
360,25,"C9 : (C5 : Q8)",2
360,27,"D360",2
360,45,"C2 x D10 x D18",2
360,49,"C2 x C2 x D90",4
360,110,"(C3 x C3) : (C5 : Q8)",2
360,112,"(C3 x C3) : D40",2
360,137,"S3 x S3 x D10",1
360,152,"C2 x (((C3 x C3) : C2) x D10)",2
360,154,"C2 x S3 x D30",2
360,161,"C2 x C2 x ((C15 x C3) : C2)",4
362,1,"D362",1
364,7,"D14 x D26",1
364,10,"D364",2
366,5,"D366",1
368,6,"D368",2
368,7,"C23 : Q16",2
368,27,"C2 x (C23 : Q8)",4
368,29,"C2 x D184",4
368,31,"D8 x D46",2
368,33,"Q8 x D46",2
368,41,"C2 x C2 x C2 x D46",8
370,3,"D370",1
372,8,"S3 x D62",1
372,14,"D372",2
374,3,"D374",1
376,3,"C47 : Q8",2
376,5,"D376",2
376,11,"C2 x C2 x D94",4
378,5,"D378",1
378,42,"(C9 x C3) : D14",1
378,59,"(C3 x C3 x C3) : D14",1
380,7,"D10 x D38",1
380,10,"D380",2
382,1,"D382",1
384,9,"D384",2
384,11,"C3 : Q128",2
384,638,"C3 : ((((C4 x C4) : C2) : C2) : C2)",4
384,641,"C3 : (C8 : Q16)",4
384,1620,"C3 : (C16 : Q8)",4
384,1636,"C3 : (((C2 x D16) : C2) : C2)",4
384,1642,"C3 : (C4 : Q32)",4
384,1943,"C2 x D192",4
384,1946,"C2 x (C3 : Q64)",4
384,1951,"D64 x S3",2
384,1958,"Q64 x S3",2
384,5573,"(((C2 x ((C4 x C2) : C2)) : C2) : C3) : C2",2
384,5577,"C2 . ((((C2 x C2 x C2 x C2) : C2) : C3) : C2) = ((C2 x C2 x Q8) : C3) . (C2 x C2)",2
384,5887,"C3 : ((C4 x C4) : Q8)",8
384,5894,"C3 : ((C2 x ((C4 x C4) : C2)) : C2)",8
384,11017,"C2 x (C3 : (C8 : Q8))",8
384,11041,"C2 x (C3 : (((C4 x C4) : C2) : C2))",8
384,11050,"C2 x (C3 : (C4 : Q16))",8
384,12008,"D8 x D48",4
384,12021,"D8 x (C3 : Q16)",4
384,12149,"D16 x (C3 : Q8)",4
384,12181,"D16 x D24",4
384,12281,"Q16 x (C3 : Q8)",4
384,12309,"Q16 x D24",4
384,12470,"C3 : (((C8 : (C2 x C2)) : C2) : C2)",2
384,12471,"C3 : ((((C2 x Q8) : C2) : C2) : C2)",2
384,12504,"Q8 x D48",4
384,12512,"(C3 : Q16) x Q8",4
384,12852,"(((C4 x C4) : C2) : C2) x S3",2
384,12873,"((C4 : Q8) : C2) x S3",2
384,12882,"(((C2 x C2 x C2 x C2) : C2) : C2) x S3",2
384,14357,"(((C4 x C4) : C2) : C2) x S3",4
384,14374,"(C4 : Q16) x S3",4
384,14513,"(C8 : Q8) x S3",4
384,14577,"C2 x C2 x D96",8
384,14580,"C2 x C2 x (C3 : Q32)",8
384,14589,"C3 : ((C2 x D32) : C2)",2
384,14591,"C3 : ((C2 x Q32) : C2)",2
384,14592,"C2 x D32 x S3",4
384,14601,"C2 x Q32 x S3",4
384,14607,"C3 : ((C2 x D32) : C2)",2
384,14609,"C3 : ((C2 x Q32) : C2)",2
384,17948,"C2 x ((((C2 x C2 x C2 x C2) : C2) : C3) : C2)",2
384,17949,"C2 x ((((C4 x C4) : C2) : C3) : C2)",2
384,18032,"D16 x S4",2
384,18039,"Q16 x S4",2
384,18246,"C2 x C2 x (C3 : (C4 : Q8))",16
384,18254,"C2 x C2 x (C3 : ((C4 x C4) : C2))",16
384,18331,"C2 x (D8 x (C3 : Q8))",8
384,18354,"C2 x D8 x D24",8
384,18376,"C2 x ((C3 : Q8) x Q8)",8
384,18389,"C2 x Q8 x D24",8
384,18403,"C3 : (((C2 x ((C4 x C2) : C2)) : C2) : C2)",4
384,18404,"C3 : (((C4 : Q8) : C2) : C2)",4
384,18422,"C3 : (((C2 x ((C4 x C2) : C2)) : C2) : C2)",4
384,18491,"C2 x (((C2 x C2 x C2 x C2) : C2) x S3)",8
384,18598,"C3 : (((C2 x ((C4 x C2) : C2)) : C2) : C2)",4
384,18615,"C3 : ((C2 x ((C2 x C2 x C2 x C2) : C2)) : C2)",4
384,18767,"C2 x (((C4 x C4) : C2) x S3)",8
384,18782,"C2 x ((C4 : Q8) x S3)",8
384,18818,"C3 : (((C2 x ((C4 x C2) : C2)) : C2) : C2)",4
384,18819,"C3 : (((C2 x ((C4 x C2) : C2)) : C2) : C2)",4
384,18857,"C3 : (((C4 : Q8) : C2) : C2)",4
384,19195,"D8 x D8 x S3",4
384,19334,"Q8 x D8 x S3",4
384,19621,"Q8 x S3 x Q8",4
384,19724,"C2 x C2 x C2 x D48",16
384,19727,"C2 x C2 x C2 x (C3 : Q16)",16
384,19737,"C2 x (C3 : ((C2 x D16) : C2))",4
384,19740,"C2 x (C3 : ((C2 x Q16) : C2))",4
384,19745,"C2 x C2 x D16 x S3",8
384,19754,"C2 x C2 x Q16 x S3",8
384,19760,"C2 x (C3 : ((C2 x D16) : C2))",4
384,19762,"C2 x (C3 : ((C2 x Q16) : C2))",4
384,19778,"((C2 x D16) : C2) x S3",2
384,19785,"((C2 x Q16) : C2) x S3",2
384,20051,"C2 x D8 x S4",4
384,20057,"C2 x Q8 x S4",4
384,20060,"C2 x C2 x ((C2 . S4 = SL(2;3) . C2) : C2)",8
384,20062,"C2 x C2 x ((((C4 x C2) : C2) : C3) : C2)",8
384,20074,"(C2 x ((((C4 x C2) : C2) : C3) : C2)) : C2",2
384,20075,"(((((C4 x C2) : C2) : C3) : C2) : C2) : C2",2
384,20128,"C2 x C2 x C2 x C2 x (C3 : Q8)",32
384,20130,"C2 x C2 x C2 x C2 x D24",32
384,20133,"C2 x C2 x C2 x D8 x S3",16
384,20136,"C2 x C2 x C2 x Q8 x S3",16
384,20138,"C2 x C2 x (C3 : ((C2 x Q8) : C2))",8
384,20140,"C2 x C2 x (C3 : ((C2 x C2 x C2) : (C2 x C2)))",8
384,20143,"C2 x (((C2 x C2 x C2) : (C2 x C2)) x S3)",4
384,20146,"C2 x (((C2 x Q8) : C2) x S3)",4
384,20148,"C3 : ((C2 x ((C2 x Q8) : C2)) : C2)",2
384,20150,"C3 : ((C2 x ((C2 x C2 x C2) : (C2 x C2))) : C2)",2
384,20162,"C2 x C2 x C2 x C2 x S4",16
384,20168,"C2 x C2 x C2 x C2 x C2 x C2 x S3",64
386,1,"D386",1
388,4,"D388",2
390,11,"D390",1
392,3,"C49 : Q8",2
392,5,"D392",2
392,12,"C2 x C2 x D98",4
392,28,"(C7 x C7) : Q8",2
392,30,"(C7 x C7) : D8",2
392,41,"C2 x D14 x D14",2
392,43,"C2 x C2 x ((C7 x C7) : C2)",4
394,1,"D394",1
396,5,"D22 x D18",1
396,9,"D396",2
396,20,"((C3 x C3) : C2) x D22",1
396,22,"S3 x D66",1
396,29,"C2 x ((C3 x C3) : D22)",2
398,1,"D398",1
400,4,"C25 : Q16",2
400,8,"D400",2
400,35,"C2 x (C25 : Q8)",4
400,37,"C2 x D200",4
400,39,"D8 x D50",2
400,41,"Q8 x D50",2
400,54,"C2 x C2 x C2 x D50",8
400,95,"(C5 x C5) : D16",2
400,96,"(C5 x C5) : Q16",2
400,163,"(C5 : Q8) x D10",2
400,170,"D40 x D10",2
400,191,"C2 x ((C5 x C5) : Q8)",4
400,193,"C2 x ((C5 x C5) : D8)",4
400,195,"D8 x ((C5 x C5) : C2)",2
400,197,"Q8 x ((C5 x C5) : C2)",2
400,218,"C2 x C2 x D10 x D10",4
400,220,"C2 x C2 x C2 x ((C5 x C5) : C2)",8
402,5,"D402",1
404,4,"D404",2
406,5,"D406",1
408,25,"C3 : (C17 : Q8)",2
408,27,"D408",2
408,41,"C2 x S3 x D34",2
408,45,"C2 x C2 x D102",4
410,5,"D410",1
412,3,"D412",2
414,3,"D414",1
414,9,"(C3 x C3) : D46",1
416,6,"D416",2
416,8,"C13 : Q32",2
416,90,"C13 : (C4 : Q8)",4
416,95,"C13 : ((C4 x C4) : C2)",4
416,124,"C2 x D208",4
416,126,"C2 x (C13 : Q16)",4
416,131,"D16 x D26",2
416,138,"Q16 x D26",2
416,212,"C2 x C2 x (C13 : Q8)",8
416,214,"C2 x C2 x D104",8
416,216,"C2 x D8 x D26",4
416,219,"C2 x Q8 x D26",4
416,223,"C13 : ((C2 x C2 x C2) : (C2 x C2))",2
416,224,"C13 : ((C2 x Q8) : C2)",2
416,234,"C2 x C2 x C2 x C2 x D26",16
418,3,"D418",1
420,26,"D30 x D14",1
420,28,"D10 x D42",1
420,29,"S3 x D70",1
420,40,"D420",2
422,1,"D422",1
424,4,"C53 : Q8",2
424,6,"D424",2
424,13,"C2 x C2 x D106",4
426,3,"D426",1
428,3,"D428",2
430,3,"D430",1
432,4,"C27 : Q16",2
432,8,"D432",2
432,43,"C2 x (C27 : Q8)",4
432,45,"C2 x D216",4
432,47,"D8 x D54",2
432,49,"Q8 x D54",2
432,168,"(C9 x C3) : Q16",2
432,172,"(C9 x C3) : D16",2
432,227,"C2 x C2 x C2 x D54",8
432,236,"((C3 x C3) : C3) : Q16",2
432,280,"(C3 : Q8) x D18",2
432,284,"S3 x (C9 : Q8)",2
432,291,"S3 x D72",2
432,292,"D24 x D18",2
432,380,"C2 x ((C9 x C3) : Q8)",4
432,382,"C2 x ((C9 x C3) : D8)",4
432,388,"D8 x ((C9 x C3) : C2)",2
432,392,"Q8 x ((C9 x C3) : C2)",2
432,499,"(C3 x C3 x C3) : D16",2
432,500,"(C3 x C3 x C3) : Q16",2
432,521,"D18 x S4",1
432,530,"C2 x (((C3 x C3) : C3) : D8)",2
432,544,"C2 x C2 x S3 x D18",4
432,560,"C2 x C2 x C2 x ((C9 x C3) : C2)",8
432,660,"((C3 x C3) : Q8) x S3",2
432,663,"((C3 x C3) : C2) x (C3 : Q8)",2
432,671,"((C12 x C3) : C2) x S3",2
432,672,"((C3 x C3) : C2) x D24",2
432,720,"C2 x ((C3 x C3 x C3) : Q8)",4
432,722,"C2 x ((C3 x C3 x C3) : D8)",4
432,724,"D8 x ((C3 x C3 x C3) : C2)",2
432,726,"Q8 x ((C3 x C3 x C3) : C2)",2
432,741,"((S3 x S3) : C2) x S3",1
432,746,"((C3 x C3) : C2) x S4",1
432,759,"C2 x S3 x S3 x S3",2
432,768,"C2 x C2 x (((C3 x C3) : C2) x S3)",4
432,774,"C2 x C2 x C2 x ((C3 x C3 x C3) : C2)",8
434,3,"D434",1
436,4,"D436",2
438,5,"D438",1
440,34,"C5 : (C11 : Q8)",2
440,36,"D440",2
440,47,"C2 x D10 x D22",2
440,50,"C2 x C2 x D110",4
442,3,"D442",1
444,11,"S3 x D74",1
444,17,"D444",2
446,1,"D446",1
448,5,"D448",2
448,7,"C7 : Q64",2
448,216,"C7 : (C8 : Q8)",4
448,229,"C7 : ((C2 x D16) : C2)",4
448,233,"C7 : (C4 : Q16)",4
448,436,"C2 x D224",4
448,439,"C2 x (C7 : Q32)",4
448,444,"D32 x D14",2
448,451,"Q32 x D14",2
448,921,"C2 x (C7 : (C4 : Q8))",8
448,928,"C2 x (C7 : ((C4 x C4) : C2))",8
448,990,"D8 x (C7 : Q8)",4
448,1002,"D8 x D56",4
448,1019,"Q8 x (C7 : Q8)",4
448,1028,"Q8 x D56",4
448,1041,"((C2 x C2 x C2 x C2) : C2) x D14",4
448,1167,"((C4 x C4) : C2) x D14",4
448,1176,"(C4 : Q8) x D14",4
448,1193,"C2 x C2 x D112",8
448,1195,"C2 x C2 x (C7 : Q16)",8
448,1205,"C7 : ((C2 x D16) : C2)",2
448,1206,"C7 : (((C8 x C2) : C2) : C2)",2
448,1207,"C2 x D16 x D14",4
448,1216,"C2 x Q16 x D14",4
448,1222,"C7 : (((C2 x C2 x C2) : (C2 x C2)) : C2)",2
448,1224,"C7 : (((C2 x Q8) : C2) : C2)",2
448,1365,"C2 x C2 x C2 x (C7 : Q8)",16
448,1367,"C2 x C2 x C2 x D56",16
448,1369,"C2 x C2 x D8 x D14",8
448,1372,"C2 x C2 x Q8 x D14",8
448,1376,"C2 x (C7 : ((C2 x C2 x C2) : (C2 x C2)))",4
448,1377,"C2 x (C7 : ((C2 x Q8) : C2))",4
448,1379,"((C2 x C2 x C2) : (C2 x C2)) x D14",2
448,1381,"((C2 x Q8) : C2) x D14",2
448,1395,"C2 x C2 x C2 x C2 x C2 x D14",32
450,3,"D450",1
450,9,"(C3 x C3) : D50",1
450,18,"C9 : ((C5 x C5) : C2)",1
450,33,"(C3 x C3) : ((C5 x C5) : C2)",1
452,4,"D452",2
454,1,"D454",1
456,34,"C3 : (C19 : Q8)",2
456,36,"D456",2
456,47,"C2 x S3 x D38",2
456,53,"C2 x C2 x D114",4
458,1,"D458",1
460,7,"D10 x D46",1
460,10,"D460",2
462,11,"D462",1
464,7,"D464",2
464,8,"C29 : Q16",2
464,35,"C2 x (C29 : Q8)",4
464,37,"C2 x D232",4
464,39,"D8 x D58",2
464,41,"Q8 x D58",2
464,50,"C2 x C2 x C2 x D58",8
466,1,"D466",1
468,11,"D26 x D18",1
468,17,"D468",2
468,43,"((C3 x C3) : C2) x D26",1
468,45,"S3 x D78",1
468,54,"C2 x ((C3 x C3) : D26)",2
470,3,"D470",1
472,3,"C59 : Q8",2
472,5,"D472",2
472,11,"C2 x C2 x D118",4
474,5,"D474",1
476,7,"D14 x D34",1
476,10,"D476",2
478,1,"D478",1
480,159,"D480",2
480,161,"C3 : (C5 : Q32)",2
480,324,"D48 x D10",2
480,328,"S3 x D80",2
480,335,"(C3 : Q16) x D10",2
480,338,"S3 x (C5 : Q16)",2
480,834,"C3 : (C5 : (C4 : Q8))",4
480,839,"C3 : (C5 : ((C4 x C4) : C2))",4
480,868,"C2 x D240",4
480,870,"C2 x (C3 : (C5 : Q16))",4
480,875,"D16 x D30",2
480,882,"Q16 x D30",2
480,1073,"C2 x ((C3 : Q8) x D10)",4
480,1077,"C3 : (C5 : ((C2 x Q8) : C2))",2
480,1078,"C2 x (S3 x (C5 : Q8))",4
480,1087,"C2 x D24 x D10",4
480,1088,"C2 x S3 x D40",4
480,1095,"C3 : (C5 : ((C2 x C2 x C2) : (C2 x C2)))",2
480,1097,"D8 x S3 x D10",2
480,1107,"Q8 x S3 x D10",2
480,1165,"C2 x C2 x (C3 : (C5 : Q8))",8
480,1167,"C2 x C2 x D120",8
480,1169,"C2 x D8 x D30",4
480,1172,"C2 x Q8 x D30",4
480,1176,"C3 : (C5 : ((C2 x C2 x C2) : (C2 x C2)))",2
480,1177,"C3 : (C5 : ((C2 x Q8) : C2))",2
480,1193,"C2 x D10 x S4",2
480,1207,"C2 x C2 x C2 x S3 x D10",8
480,1212,"C2 x C2 x C2 x C2 x D30",16
482,1,"D482",1
484,3,"D484",2
484,9,"D22 x D22",1
484,11,"C2 x ((C11 x C11) : C2)",2
486,1,"D486",1
486,50,"(C27 x C9) : C2",1
486,60,"(C81 x C3) : C2",1
486,180,"(C9 x C9 x C3) : C2",1
486,184,"(C27 x C3 x C3) : C2",1
486,247,"(C9 x C3 x C3 x C3) : C2",1
486,260,"(C3 x C3 x C3 x C3 x C3) : C2",1
488,4,"C61 : Q8",2
488,6,"D488",2
488,13,"C2 x C2 x D122",4
490,3,"D490",1
490,9,"C5 : ((C7 x C7) : C2)",1
492,7,"S3 x D82",1
492,11,"D492",2
494,3,"D494",1
496,6,"D496",2
496,7,"C31 : Q16",2
496,27,"C2 x (C31 : Q8)",4
496,29,"C2 x D248",4
496,31,"D8 x D62",2
496,33,"Q8 x D62",2
496,41,"C2 x C2 x C2 x D62",8
498,3,"D498",1
500,4,"D500",2
500,26,"D10 x D50",1
500,32,"C2 x ((C25 x C5) : C2)",2
500,51,"((C5 x C5) : C2) x D10",1
500,55,"C2 x ((C5 x C5 x C5) : C2)",2
502,1,"D502",1
504,34,"C9 : (C7 : Q8)",2
504,36,"D504",2
504,59,"C2 x D14 x D18",2
504,65,"C2 x C2 x D126",4
504,148,"(C3 x C3) : (C7 : Q8)",2
504,150,"(C3 x C3) : D56",2
504,172,"S3 x S3 x D14",1
504,190,"C2 x (((C3 x C3) : C2) x D14)",2
504,192,"C2 x S3 x D42",2
504,201,"C2 x C2 x ((C3 x C3) : D14)",4
506,5,"D506",1
508,3,"D508",2
510,7,"D510",1
514,1,"D514",1
516,8,"S3 x D86",1
516,14,"D516",2
518,3,"D518",1
520,28,"C5 : (C13 : Q8)",2
520,30,"D520",2
520,45,"C2 x D10 x D26",2
520,48,"C2 x C2 x D130",4
522,3,"D522",1
522,9,"(C3 x C3) : D58",1
524,3,"D524",2
526,1,"D526",1
528,66,"D528",2
528,67,"C3 : (C11 : Q16)",2
528,96,"(C3 : Q8) x D22",2
528,99,"S3 x (C11 : Q8)",2
528,107,"D24 x D22",2
528,108,"S3 x D88",2
528,146,"C2 x (C3 : (C11 : Q8))",4
528,148,"C2 x D264",4
528,150,"D8 x D66",2
528,152,"Q8 x D66",2
528,160,"D22 x S4",1
528,164,"C2 x C2 x S3 x D22",4
528,169,"C2 x C2 x C2 x D66",8
530,3,"D530",1
532,5,"D14 x D38",1
532,8,"D532",2
534,3,"D534",1
536,3,"C67 : Q8",2
536,5,"D536",2
536,11,"C2 x C2 x D134",4
538,1,"D538",1
540,7,"D10 x D54",1
540,11,"D540",2
540,48,"D10 x ((C9 x C3) : C2)",1
540,52,"S3 x D90",1
540,53,"D30 x D18",1
540,75,"C2 x ((C9 x C3) : D10)",2
540,104,"((C3 x C3 x C3) : C2) x D10",1
540,106,"((C3 x C3) : C2) x D30",1
540,107,"S3 x ((C15 x C3) : C2)",1
540,118,"C2 x ((C3 x C3 x C3) : D10)",2
542,1,"D542",1
544,6,"D544",2
544,8,"C17 : Q32",2
544,91,"C17 : (C4 : Q8)",4
544,96,"C17 : ((C4 x C4) : C2)",4
544,125,"C2 x D272",4
544,127,"C2 x (C17 : Q16)",4
544,132,"D16 x D34",2
544,139,"Q16 x D34",2
544,221,"C2 x C2 x (C17 : Q8)",8
544,223,"C2 x C2 x D136",8
544,225,"C2 x D8 x D34",4
544,228,"C2 x Q8 x D34",4
544,232,"C17 : ((C2 x C2 x C2) : (C2 x C2))",2
544,233,"C17 : ((C2 x Q8) : C2)",2
544,245,"C2 x C2 x C2 x C2 x D34",16
546,23,"D546",1
548,4,"D548",2
550,5,"D550",1
550,15,"(C5 x C5) : D22",1
552,23,"C3 : (C23 : Q8)",2
552,25,"D552",2
552,34,"C2 x S3 x D46",2
552,38,"C2 x C2 x D138",4
554,1,"D554",1
556,3,"D556",2
558,5,"D558",1
558,15,"(C3 x C3) : D62",1
560,67,"D560",2
560,68,"C5 : (C7 : Q16)",2
560,109,"(C5 : Q8) x D14",2
560,112,"D10 x (C7 : Q8)",2
560,120,"D40 x D14",2
560,121,"D10 x D56",2
560,156,"C2 x (C5 : (C7 : Q8))",4
560,158,"C2 x D280",4
560,160,"D8 x D70",2
560,162,"Q8 x D70",2
560,176,"C2 x C2 x D10 x D14",4
560,179,"C2 x C2 x C2 x D70",8
562,1,"D562",1
564,5,"S3 x D94",1
564,9,"D564",2
566,1,"D566",1
568,3,"C71 : Q8",2
568,5,"D568",2
568,11,"C2 x C2 x D142",4
570,11,"D570",1
572,7,"D22 x D26",1
572,10,"D572",2
574,3,"D574",1
576,7,"D576",2
576,9,"C9 : Q64",2
576,244,"C9 : (C8 : Q8)",4
576,247,"C9 : (C4 : Q16)",4
576,259,"C9 : ((C2 x D16) : C2)",4
576,464,"C2 x D288",4
576,467,"C2 x (C9 : Q32)",4
576,472,"D32 x D18",2
576,479,"Q32 x D18",2
576,1196,"(C3 x C3) : D64",2
576,1198,"(C3 x C3) : Q64",2
576,1452,"C2 x (C9 : (C4 : Q8))",8
576,1459,"C2 x (C9 : ((C4 x C4) : C2))",8
576,1521,"D8 x (C9 : Q8)",4
576,1533,"D8 x D72",4
576,1550,"Q8 x (C9 : Q8)",4
576,1559,"Q8 x D72",4
576,1572,"((C2 x C2 x C2 x C2) : C2) x D18",4
576,1698,"((C4 x C4) : C2) x D18",4
576,1707,"(C4 : Q8) x D18",4
576,1720,"C2 x C2 x (C9 : Q16)",8
576,1725,"C2 x C2 x D144",8
576,1736,"C9 : ((C2 x D16) : C2)",2
576,1737,"C9 : (((C8 x C2) : C2) : C2)",2
576,1738,"C2 x D16 x D18",4
576,1747,"C2 x Q16 x D18",4
576,1753,"C9 : (((C2 x C2 x C2) : (C2 x C2)) : C2)",2
576,1755,"C9 : (((C2 x Q8) : C2) : C2)",2
576,2112,"D96 x S3",2
576,2119,"(C3 : Q32) x S3",2
576,4263,"(C3 x C3) : (C8 : Q8)",4
576,4276,"(C3 x C3) : ((C2 x D16) : C2)",4
576,4280,"(C3 x C3) : (C4 : Q16)",4
576,4483,"C2 x ((C3 x C3) : D32)",4
576,4486,"C2 x ((C3 x C3) : Q32)",4
576,4491,"D32 x ((C3 x C3) : C2)",2
576,4498,"Q32 x ((C3 x C3) : C2)",2
576,5008,"C2 x C2 x C2 x (C9 : Q8)",16
576,5010,"C2 x C2 x C2 x D72",16
576,5012,"C2 x C2 x D8 x D18",8
576,5015,"C2 x C2 x Q8 x D18",8
576,5019,"C2 x (C9 : ((C2 x C2 x C2) : (C2 x C2)))",4
576,5020,"C2 x (C9 : ((C2 x Q8) : C2))",4
576,5022,"((C2 x C2 x C2) : (C2 x C2)) x D18",2
576,5024,"((C2 x Q8) : C2) x D18",2
576,5740,"(C3 : Q8) x (C3 : Q8)",4
576,5774,"(C3 : (C4 : Q8)) x S3",4
576,5780,"D24 x (C3 : Q8)",4
576,5880,"(C3 : ((C4 x C4) : C2)) x S3",4
576,5884,"D24 x D24",4
576,6554,"C2 x D48 x S3",4
576,6562,"(C3 x C3) : ((C2 x D16) : C2)",2
576,6570,"C2 x ((C3 : Q16) x S3)",4
576,6574,"(C3 x C3) : ((C2 x Q16) : C2)",2
576,6606,"D16 x S3 x S3",2
576,6640,"Q16 x S3 x S3",2
576,7821,"C2 x ((C3 x C3) : (C4 : Q8))",8
576,7828,"C2 x ((C3 x C3) : ((C4 x C4) : C2))",8
576,7890,"D8 x ((C3 x C3) : Q8)",4
576,7902,"D8 x ((C12 x C3) : C2)",4
576,7919,"Q8 x ((C3 x C3) : Q8)",4
576,7928,"Q8 x ((C12 x C3) : C2)",4
576,7941,"((C2 x C2 x C2 x C2) : C2) x ((C3 x C3) : C2)",4
576,8067,"((C4 x C4) : C2) x ((C3 x C3) : C2)",4
576,8076,"(C4 : Q8) x ((C3 x C3) : C2)",4
576,8093,"C2 x C2 x ((C3 x C3) : D16)",8
576,8095,"C2 x C2 x ((C3 x C3) : Q16)",8
576,8105,"(C3 x C3) : ((C2 x D16) : C2)",2
576,8106,"(C3 x C3) : (((C8 x C2) : C2) : C2)",2
576,8107,"C2 x (D16 x ((C3 x C3) : C2))",4
576,8116,"C2 x (Q16 x ((C3 x C3) : C2))",4
576,8122,"(C3 x C3) : (((C2 x C2 x C2) : (C2 x C2)) : C2)",2
576,8124,"(C3 x C3) : (((C2 x Q8) : C2) : C2)",2
576,8267,"C2 x C2 x C2 x C2 x C2 x D18",32
576,8301,"(C3 : Q8) x S4",2
576,8313,"D24 x S4",2
576,8333,"S3 x ((C2 . S4 = SL(2;3) . C2) : C2)",2
576,8340,"S3 x ((((C4 x C2) : C2) : C3) : C2)",2
576,8398,"(C3 x C3) : (((C8 x C2) : C2) : C2)",2
576,8399,"D8 x ((S3 x S3) : C2)",2
576,8404,"(C3 x C3) : ((C2 x D16) : C2)",2
576,8405,"Q8 x ((S3 x S3) : C2)",2
576,8417,"C2 x C2 x ((C3 x C3) : Q16)",8
576,8536,"C2 x C2 x ((C3 : Q8) x S3)",8
576,8540,"C2 x ((C3 x C3) : ((C2 x Q8) : C2))",4
576,8545,"C2 x C2 x D24 x S3",8
576,8550,"C2 x ((C3 x C3) : ((C2 x C2 x C2) : (C2 x C2)))",4
576,8553,"C2 x D8 x S3 x S3",4
576,8564,"C2 x Q8 x S3 x S3",4
576,8573,"(C3 : ((C2 x C2 x C2) : (C2 x C2))) x S3",2
576,8575,"(C3 : ((C2 x Q8) : C2)) x S3",2
576,8625,"C2 x C2 x C2 x ((C3 x C3) : Q8)",16
576,8627,"C2 x C2 x C2 x ((C12 x C3) : C2)",16
576,8629,"C2 x C2 x (D8 x ((C3 x C3) : C2))",8
576,8632,"C2 x C2 x (Q8 x ((C3 x C3) : C2))",8
576,8636,"C2 x ((C3 x C3) : ((C2 x C2 x C2) : (C2 x C2)))",4
576,8637,"C2 x ((C3 x C3) : ((C2 x Q8) : C2))",4
576,8639,"((C2 x C2 x C2) : (C2 x C2)) x ((C3 x C3) : C2)",2
576,8641,"((C2 x Q8) : C2) x ((C3 x C3) : C2)",2
576,8653,"S4 x S4",1
576,8659,"C2 x C2 x S3 x S4",4
576,8666,"C2 x C2 x C2 x ((S3 x S3) : C2)",8
576,8675,"C2 x C2 x C2 x C2 x S3 x S3",16
576,8680,"C2 x C2 x C2 x C2 x C2 x ((C3 x C3) : C2)",32
578,1,"D578",1
578,4,"(C17 x C17) : C2",1
580,11,"D10 x D58",1
580,14,"D580",2
582,5,"D582",1
584,4,"C73 : Q8",2
584,6,"D584",2
584,14,"C2 x C2 x D146",4
586,1,"D586",1
588,8,"S3 x D98",1
588,14,"D588",2
588,51,"S3 x ((C7 x C7) : C2)",1
588,52,"D14 x D42",1
588,65,"C2 x (C3 : ((C7 x C7) : C2))",2
590,3,"D590",1
592,7,"D592",2
592,8,"C37 : Q16",2
592,35,"C2 x (C37 : Q8)",4
592,37,"C2 x D296",4
592,39,"D8 x D74",2
592,41,"Q8 x D74",2
592,50,"C2 x C2 x C2 x D74",8
594,3,"D594",1
594,18,"(C9 x C3) : D22",1
594,29,"(C3 x C3 x C3) : D22",1
596,4,"D596",2
598,3,"D598",1
600,25,"C3 : (C25 : Q8)",2
600,27,"D600",2
600,39,"C2 x S3 x D50",2
600,43,"C2 x C2 x D150",4
600,57,"(C5 x C5) : (C3 : Q8)",2
600,136,"C3 : ((C5 x C5) : Q8)",2
600,138,"C3 : ((C5 x C5) : D8)",2
600,154,"C2 x ((C5 x C5) : D12)",2
600,174,"S3 x D10 x D10",1
600,194,"C2 x (S3 x ((C5 x C5) : C2))",2
600,195,"C2 x D10 x D30",2
600,204,"C2 x C2 x (C3 : ((C5 x C5) : C2))",4
602,5,"D602",1
604,3,"D604",2
606,3,"D606",1
608,5,"D608",2
608,7,"C19 : Q32",2
608,64,"C19 : (C4 : Q8)",4
608,69,"C19 : ((C4 x C4) : C2)",4
608,98,"C2 x D304",4
608,100,"C2 x (C19 : Q16)",4
608,105,"D16 x D38",2
608,112,"Q16 x D38",2
608,173,"C2 x C2 x (C19 : Q8)",8
608,175,"C2 x C2 x D152",8
608,177,"C2 x D8 x D38",4
608,180,"C2 x Q8 x D38",4
608,184,"C19 : ((C2 x C2 x C2) : (C2 x C2))",2
608,185,"C19 : ((C2 x Q8) : C2)",2
608,194,"C2 x C2 x C2 x C2 x D38",16
610,5,"D610",1
612,7,"D34 x D18",1
612,11,"D612",2
612,26,"((C3 x C3) : C2) x D34",1
612,28,"S3 x D102",1
612,35,"C2 x ((C3 x C3) : D34)",2
614,1,"D614",1
616,22,"C7 : (C11 : Q8)",2
616,24,"D616",2
616,31,"C2 x D14 x D22",2
616,34,"C2 x C2 x D154",4
618,5,"D618",1
620,11,"D10 x D62",1
620,14,"D620",2
622,1,"D622",1
624,96,"D624",2
624,97,"C3 : (C13 : Q16)",2
624,167,"(C3 : Q8) x D26",2
624,170,"S3 x (C13 : Q8)",2
624,178,"D24 x D26",2
624,179,"S3 x D104",2
624,224,"C2 x (C3 : (C13 : Q8))",4
624,226,"C2 x D312",4
624,228,"D8 x D78",2
624,230,"Q8 x D78",2
624,242,"D26 x S4",1
624,251,"C2 x C2 x S3 x D26",4
624,259,"C2 x C2 x C2 x D78",8
626,1,"D626",1
628,4,"D628",2
630,11,"D630",1
630,31,"(C3 x C3) : D70",1
632,3,"C79 : Q8",2
632,5,"D632",2
632,11,"C2 x C2 x D158",4
634,1,"D634",1
636,7,"S3 x D106",1
636,11,"D636",2
638,3,"D638",1
640,6,"D640",2
640,8,"C5 : Q128",2
640,937,"C5 : ((((C4 x C4) : C2) : C2) : C2)",4
640,940,"C5 : (C8 : Q16)",4
640,1919,"C5 : (C16 : Q8)",4
640,1935,"C5 : (((C2 x D16) : C2) : C2)",4
640,1941,"C5 : (C4 : Q32)",4
640,2242,"C2 x D320",4
640,2245,"C2 x (C5 : Q64)",4
640,2250,"D64 x D10",2
640,2257,"Q64 x D10",2
640,7124,"C5 : ((C4 x C4) : Q8)",8
640,7131,"C5 : ((C2 x ((C4 x C4) : C2)) : C2)",8
640,12254,"C2 x (C5 : (C8 : Q8))",8
640,12278,"C2 x (C5 : (((C4 x C4) : C2) : C2))",8
640,12287,"C2 x (C5 : (C4 : Q16))",8
640,13245,"D8 x D80",4
640,13258,"D8 x (C5 : Q16)",4
640,13386,"D16 x (C5 : Q8)",4
640,13418,"D16 x D40",4
640,13518,"Q16 x (C5 : Q8)",4
640,13546,"Q16 x D40",4
640,13707,"C5 : (((C8 : (C2 x C2)) : C2) : C2)",2
640,13708,"C5 : ((((C2 x Q8) : C2) : C2) : C2)",2
640,13741,"Q8 x D80",4
640,13749,"(C5 : Q16) x Q8",4
640,14089,"(((C4 x C4) : C2) : C2) x D10",2
640,14110,"((C4 : Q8) : C2) x D10",2
640,14119,"(((C2 x C2 x C2 x C2) : C2) : C2) x D10",2
640,15594,"(((C4 x C4) : C2) : C2) x D10",4
640,15611,"(C4 : Q16) x D10",4
640,15750,"(C8 : Q8) x D10",4
640,15814,"C2 x C2 x D160",8
640,15817,"C2 x C2 x (C5 : Q32)",8
640,15826,"C5 : ((C2 x D32) : C2)",2
640,15828,"C5 : ((C2 x Q32) : C2)",2
640,15829,"C2 x D32 x D10",4
640,15838,"C2 x Q32 x D10",4
640,15844,"C5 : ((C2 x D32) : C2)",2
640,15846,"C5 : ((C2 x Q32) : C2)",2
640,19653,"C2 x C2 x (C5 : (C4 : Q8))",16
640,19661,"C2 x C2 x (C5 : ((C4 x C4) : C2))",16
640,19738,"C2 x (D8 x (C5 : Q8))",8
640,19761,"C2 x D8 x D40",8
640,19783,"C2 x ((C5 : Q8) x Q8)",8
640,19796,"C2 x Q8 x D40",8
640,19810,"C5 : (((C2 x ((C4 x C2) : C2)) : C2) : C2)",4
640,19811,"C5 : (((C4 : Q8) : C2) : C2)",4
640,19829,"C5 : (((C2 x ((C4 x C2) : C2)) : C2) : C2)",4
640,19898,"C2 x (((C2 x C2 x C2 x C2) : C2) x D10)",8
640,20005,"C5 : (((C2 x ((C4 x C2) : C2)) : C2) : C2)",4
640,20022,"C5 : ((C2 x ((C2 x C2 x C2 x C2) : C2)) : C2)",4
640,20174,"C2 x (((C4 x C4) : C2) x D10)",8
640,20189,"C2 x ((C4 : Q8) x D10)",8
640,20225,"C5 : (((C2 x ((C4 x C2) : C2)) : C2) : C2)",4
640,20226,"C5 : (((C2 x ((C4 x C2) : C2)) : C2) : C2)",4
640,20264,"C5 : (((C4 : Q8) : C2) : C2)",4
640,20602,"D8 x D8 x D10",4
640,20741,"Q8 x D8 x D10",4
640,21028,"Q8 x D10 x Q8",4
640,21131,"C2 x C2 x C2 x D80",16
640,21134,"C2 x C2 x C2 x (C5 : Q16)",16
640,21144,"C2 x (C5 : ((C2 x D16) : C2))",4
640,21147,"C2 x (C5 : ((C2 x Q16) : C2))",4
640,21152,"C2 x C2 x D16 x D10",8
640,21161,"C2 x C2 x Q16 x D10",8
640,21167,"C2 x (C5 : ((C2 x D16) : C2))",4
640,21169,"C2 x (C5 : ((C2 x Q16) : C2))",4
640,21185,"((C2 x D16) : C2) x D10",2
640,21192,"((C2 x Q16) : C2) x D10",2
640,21463,"(C2 . (((C2 x C2 x C2 x C2) : C5) : C2) = (((C2 x Q8) : C2) : C5) . C2) : C2",2
640,21465,"(((C2 x ((C4 x C2) : C2)) : C2) : C5) : C2",2
640,21502,"C2 x C2 x C2 x C2 x (C5 : Q8)",32
640,21504,"C2 x C2 x C2 x C2 x D40",32
640,21507,"C2 x C2 x C2 x D8 x D10",16
640,21510,"C2 x C2 x C2 x Q8 x D10",16
640,21512,"C2 x C2 x (C5 : ((C2 x Q8) : C2))",8
640,21514,"C2 x C2 x (C5 : ((C2 x C2 x C2) : (C2 x C2)))",8
640,21517,"C2 x (((C2 x C2 x C2) : (C2 x C2)) x D10)",4
640,21520,"C2 x (((C2 x Q8) : C2) x D10)",4
640,21522,"C5 : ((C2 x ((C2 x Q8) : C2)) : C2)",2
640,21524,"C5 : ((C2 x ((C2 x C2 x C2) : (C2 x C2))) : C2)",2
640,21537,"C2 x C2 x (((C2 x C2 x C2 x C2) : C5) : C2)",4
640,21540,"C2 x C2 x C2 x C2 x C2 x C2 x D10",64
642,3,"D642",1
644,5,"D14 x D46",1
644,8,"D644",2
646,3,"D646",1
648,4,"C81 : Q8",2
648,6,"D648",2
648,43,"C2 x C2 x D162",4
648,170,"(C9 x C9) : Q8",2
648,172,"(C9 x C9) : D8",2
648,176,"(C27 x C3) : Q8",2
648,178,"(C27 x C3) : D8",2
648,296,"C2 x D18 x D18",2
648,298,"C2 x S3 x D54",2
648,334,"C2 x C2 x ((C9 x C9) : C2)",4
648,336,"C2 x C2 x ((C27 x C3) : C2)",4
648,504,"(C9 x C3 x C3) : Q8",2
648,506,"(C9 x C3 x C3) : D8",2
648,554,"S3 x S3 x D18",1
648,605,"C2 x (((C3 x C3) : C2) x D18)",2
648,606,"C2 x (S3 x ((C9 x C3) : C2))",2
648,635,"C2 x C2 x ((C9 x C3 x C3) : C2)",4
648,694,"(C3 x C3 x C3 x C3) : Q8",2
648,696,"(C3 x C3 x C3 x C3) : D8",2
648,732,"((C3 x C3) : C2) x S3 x S3",1
648,749,"C2 x (((C3 x C3 x C3) : C2) x S3)",2
648,750,"C2 x (((C3 x C3) : C2) x ((C3 x C3) : C2))",2
648,756,"C2 x C2 x ((C3 x C3 x C3 x C3) : C2)",4
650,3,"D650",1
650,9,"(C5 x C5) : D26",1
652,3,"D652",2
654,5,"D654",1
656,7,"D656",2
656,8,"C41 : Q16",2
656,36,"C2 x (C41 : Q8)",4
656,38,"C2 x D328",4
656,40,"D8 x D82",2
656,42,"Q8 x D82",2
656,52,"C2 x C2 x C2 x D82",8
658,3,"D658",1
660,27,"D30 x D22",1
660,29,"D10 x D66",1
660,30,"S3 x D110",1
660,39,"D660",2
662,1,"D662",1
664,3,"C83 : Q8",2
664,5,"D664",2
664,11,"C2 x C2 x D166",4
666,5,"D666",1
666,17,"(C3 x C3) : D74",1
668,3,"D668",2
670,3,"D670",1
672,220,"D672",2
672,222,"C3 : (C7 : Q32)",2
672,392,"D48 x D14",2
672,396,"S3 x D112",2
672,403,"(C3 : Q16) x D14",2
672,406,"S3 x (C7 : Q16)",2
672,934,"C3 : (C7 : (C4 : Q8))",4
672,939,"C3 : (C7 : ((C4 x C4) : C2))",4
672,968,"C2 x D336",4
672,970,"C2 x (C3 : (C7 : Q16))",4
672,975,"D16 x D42",2
672,982,"Q16 x D42",2
672,1126,"C2 x ((C3 : Q8) x D14)",4
672,1130,"C3 : (C7 : ((C2 x Q8) : C2))",2
672,1131,"C2 x (S3 x (C7 : Q8))",4
672,1140,"C2 x D24 x D14",4
672,1141,"C2 x S3 x D56",4
672,1148,"C3 : (C7 : ((C2 x C2 x C2) : (C2 x C2)))",2
672,1150,"D8 x S3 x D14",2
672,1160,"Q8 x S3 x D14",2
672,1233,"C2 x C2 x (C3 : (C7 : Q8))",8
672,1235,"C2 x C2 x D168",8
672,1237,"C2 x D8 x D42",4
672,1240,"C2 x Q8 x D42",4
672,1244,"C3 : (C7 : ((C2 x C2 x C2) : (C2 x C2)))",2
672,1245,"C3 : (C7 : ((C2 x Q8) : C2))",2
672,1260,"C2 x D14 x S4",2
672,1271,"C2 x C2 x C2 x S3 x D14",8
672,1279,"C2 x C2 x C2 x C2 x D42",16
674,1,"D674",1
676,4,"D676",2
676,13,"D26 x D26",1
676,15,"C2 x ((C13 x C13) : C2)",2
678,3,"D678",1
680,28,"C5 : (C17 : Q8)",2
680,30,"D680",2
680,49,"C2 x D10 x D34",2
680,52,"C2 x C2 x D170",4
682,3,"D682",1
684,8,"D38 x D18",1
684,14,"D684",2
684,39,"((C3 x C3) : C2) x D38",1
684,41,"S3 x D114",1
684,50,"C2 x ((C3 x C3) : D38)",2
686,1,"D686",1
686,7,"(C49 x C7) : C2",1
686,14,"(C7 x C7 x C7) : C2",1
688,6,"D688",2
688,7,"C43 : Q16",2
688,27,"C2 x (C43 : Q8)",4
688,29,"C2 x D344",4
688,31,"D8 x D86",2
688,33,"Q8 x D86",2
688,41,"C2 x C2 x C2 x D86",8
690,7,"D690",1
692,4,"D692",2
694,1,"D694",1
696,25,"C3 : (C29 : Q8)",2
696,27,"D696",2
696,39,"C2 x S3 x D58",2
696,43,"C2 x C2 x D174",4
698,1,"D698",1
700,7,"D14 x D50",1
700,10,"D700",2
700,27,"((C5 x C5) : C2) x D14",1
700,29,"D10 x D70",1
700,35,"C2 x ((C5 x C5) : D14)",2
702,5,"D702",1
702,42,"(C9 x C3) : D26",1
702,61,"(C3 x C3 x C3) : D26",1
704,5,"D704",2
704,7,"C11 : Q64",2
704,214,"C11 : (C8 : Q8)",4
704,227,"C11 : ((C2 x D16) : C2)",4
704,231,"C11 : (C4 : Q16)",4
704,434,"C2 x D352",4
704,437,"C2 x (C11 : Q32)",4
704,442,"D32 x D22",2
704,449,"Q32 x D22",2
704,918,"C2 x (C11 : (C4 : Q8))",8
704,925,"C2 x (C11 : ((C4 x C4) : C2))",8
704,987,"D8 x (C11 : Q8)",4
704,999,"D8 x D88",4
704,1016,"Q8 x (C11 : Q8)",4
704,1025,"Q8 x D88",4
704,1038,"((C2 x C2 x C2 x C2) : C2) x D22",4
704,1164,"((C4 x C4) : C2) x D22",4
704,1173,"(C4 : Q8) x D22",4
704,1190,"C2 x C2 x D176",8
704,1192,"C2 x C2 x (C11 : Q16)",8
704,1202,"C11 : ((C2 x D16) : C2)",2
704,1203,"C11 : (((C8 x C2) : C2) : C2)",2
704,1204,"C2 x D16 x D22",4
704,1213,"C2 x Q16 x D22",4
704,1219,"C11 : (((C2 x C2 x C2) : (C2 x C2)) : C2)",2
704,1221,"C11 : (((C2 x Q8) : C2) : C2)",2
704,1359,"C2 x C2 x C2 x (C11 : Q8)",16
704,1361,"C2 x C2 x C2 x D88",16
704,1363,"C2 x C2 x D8 x D22",8
704,1366,"C2 x C2 x Q8 x D22",8
704,1370,"C2 x (C11 : ((C2 x C2 x C2) : (C2 x C2)))",4
704,1371,"C2 x (C11 : ((C2 x Q8) : C2))",4
704,1373,"((C2 x C2 x C2) : (C2 x C2)) x D22",2
704,1375,"((C2 x Q8) : C2) x D22",2
704,1386,"C2 x C2 x C2 x C2 x C2 x D22",32
706,1,"D706",1
708,5,"S3 x D118",1
708,9,"D708",2
710,5,"D710",1
712,4,"C89 : Q8",2
712,6,"D712",2
712,14,"C2 x C2 x D178",4
714,11,"D714",1
716,3,"D716",2
718,1,"D718",1
720,65,"C9 : (C5 : Q16)",2
720,69,"D720",2
720,125,"(C5 : Q8) x D18",2
720,129,"D10 x (C9 : Q8)",2
720,136,"D10 x D72",2
720,137,"D40 x D18",2
720,175,"C2 x (C9 : (C5 : Q8))",4
720,177,"C2 x D360",4
720,179,"D8 x D90",2
720,181,"Q8 x D90",2
720,370,"(C3 x C3) : D80",2
720,371,"(C3 x C3) : (C5 : Q16)",2
720,402,"C2 x C2 x D10 x D18",4
720,407,"C2 x C2 x C2 x D90",8
720,616,"((C3 x C3) : Q8) x D10",2
720,619,"((C3 x C3) : C2) x (C5 : Q8)",2
720,627,"((C12 x C3) : C2) x D10",2
720,628,"((C3 x C3) : C2) x D40",2
720,661,"(C3 : Q8) x D30",2
720,664,"S3 x (C3 : (C5 : Q8))",2
720,672,"D24 x D30",2
720,673,"S3 x D120",2
720,749,"C2 x ((C3 x C3) : (C5 : Q8))",4
720,751,"C2 x ((C3 x C3) : D40)",4
720,753,"D8 x ((C15 x C3) : C2)",2
720,755,"Q8 x ((C15 x C3) : C2)",2
720,784,"((S3 x S3) : C2) x D10",1
720,794,"D30 x S4",1
720,813,"C2 x S3 x S3 x D10",2
720,829,"C2 x C2 x (((C3 x C3) : C2) x D10)",4
720,831,"C2 x C2 x S3 x D30",4
720,839,"C2 x C2 x C2 x ((C15 x C3) : C2)",8
722,1,"D722",1
722,4,"(C19 x C19) : C2",1
724,4,"D724",2
726,3,"D726",1
726,12,"C3 : ((C11 x C11) : C2)",1
728,24,"C7 : (C13 : Q8)",2
728,26,"D728",2
728,36,"C2 x D14 x D26",2
728,39,"C2 x C2 x D182",4
730,3,"D730",1
732,11,"S3 x D122",1
732,17,"D732",2
734,1,"D734",1
736,5,"D736",2
736,7,"C23 : Q32",2
736,64,"C23 : (C4 : Q8)",4
736,69,"C23 : ((C4 x C4) : C2)",4
736,98,"C2 x D368",4
736,100,"C2 x (C23 : Q16)",4
736,105,"D16 x D46",2
736,112,"Q16 x D46",2
736,173,"C2 x C2 x (C23 : Q8)",8
736,175,"C2 x C2 x D184",8
736,177,"C2 x D8 x D46",4
736,180,"C2 x Q8 x D46",4
736,184,"C23 : ((C2 x C2 x C2) : (C2 x C2))",2
736,185,"C23 : ((C2 x Q8) : C2)",2
736,194,"C2 x C2 x C2 x C2 x D46",16
738,3,"D738",1
738,9,"(C3 x C3) : D82",1
740,11,"D10 x D74",1
740,14,"D740",2
742,3,"D742",1
744,34,"C3 : (C31 : Q8)",2
744,36,"D744",2
744,47,"C2 x S3 x D62",2
744,53,"C2 x C2 x D186",4
746,1,"D746",1
748,7,"D22 x D34",1
748,10,"D748",2
750,3,"D750",1
750,21,"C3 : ((C25 x C5) : C2)",1
750,38,"C3 : ((C5 x C5 x C5) : C2)",1
752,6,"D752",2
752,7,"C47 : Q16",2
752,27,"C2 x (C47 : Q8)",4
752,29,"C2 x D376",4
752,31,"D8 x D94",2
752,33,"Q8 x D94",2
752,41,"C2 x C2 x C2 x D94",8
754,3,"D754",1
756,8,"D14 x D54",1
756,14,"D756",2
756,92,"D14 x ((C9 x C3) : C2)",1
756,96,"S3 x D126",1
756,97,"D42 x D18",1
756,131,"C2 x ((C9 x C3) : D14)",2
756,172,"((C3 x C3 x C3) : C2) x D14",1
756,174,"((C3 x C3) : C2) x D42",1
756,175,"S3 x ((C3 x C3) : D14)",1
756,188,"C2 x ((C3 x C3 x C3) : D14)",2
758,1,"D758",1
760,24,"C5 : (C19 : Q8)",2
760,26,"D760",2
760,35,"C2 x D10 x D38",2
760,38,"C2 x C2 x D190",4
762,5,"D762",1
764,3,"D764",2
766,1,"D766",1
768,57481,"D768",2
768,57486,"C3 : Q256",2
768,84280,"C3 : (((((C4 x C4) : C2) : C2) : C2) : C2)",4
768,84283,"C3 : (C8 : Q32)",4
768,84305,"C3 : (C16 : Q16)",4
768,90563,"C3 : (((C2 x D32) : C2) : C2)",4
768,90566,"C3 : (C4 : Q64)",4
768,90588,"C3 : (C32 : Q8)",4
768,90609,"D128 x S3",2
768,90611,"C2 x D384",4
768,90616,"Q128 x S3",2
768,90618,"C2 x (C3 : Q128)",4
768,157257,"((((C4 x C4) : C2) : C2) : C2) x S3",4
768,157259,"C2 x (C3 : ((((C4 x C4) : C2) : C2) : C2))",8
768,157260,"(C8 : Q16) x S3",4
768,157263,"C2 x (C3 : (C8 : Q16))",8
768,161916,"D16 x D48",4
768,161990,"Q16 x D48",4
768,161991,"D16 x (C3 : Q16)",4
768,162412,"Q16 x (C3 : Q16)",4
768,322087,"C3 : ((C2 x (((C4 x C4) : C2) : C2)) : C2)",8
768,322090,"C3 : ((C4 x C4) : Q16)",8
768,322144,"C3 : ((C8 x C4) : Q8)",8
768,323566,"((((C2 x C2 x C2) : (C2 x C2)) : C2) : C2) x S3",2
768,323740,"((Q8 x Q8) : C2) x S3",2
768,324950,"(((C2 x D16) : C2) : C2) x S3",4
768,324953,"C2 x (C3 : (((C2 x D16) : C2) : C2))",8
768,324954,"(C4 : Q32) x S3",4
768,324957,"C2 x (C3 : (C4 : Q32))",8
768,325042,"(C16 : Q8) x S3",4
768,325045,"C2 x (C3 : (C16 : Q8))",8
768,326222,"D32 x D24",4
768,326223,"D8 x D96",4
768,326297,"Q32 x D24",4
768,326298,"D8 x (C3 : Q32)",4
768,326363,"C3 : ((((C2 x D16) : C2) : C2) : C2)",2
768,326364,"C3 : ((((C2 x D16) : C2) : C2) : C2)",2
768,326382,"C3 : ((((C2 x Q16) : C2) : C2) : C2)",2
768,326383,"C3 : ((((C2 x Q16) : C2) : C2) : C2)",2
768,327431,"D32 x (C3 : Q8)",4
768,327432,"Q8 x D96",4
768,327462,"Q32 x (C3 : Q8)",4
768,327463,"Q8 x (C3 : Q32)",4
768,327682,"C2 x D64 x S3",4
768,327684,"C2 x C2 x D192",8
768,327689,"C2 x Q64 x S3",4
768,327691,"C2 x C2 x (C3 : Q64)",8
768,327716,"C3 : ((C2 x D64) : C2)",2
768,327719,"C3 : ((C2 x D64) : C2)",2
768,327728,"C3 : ((C2 x Q64) : C2)",2
768,327731,"C3 : ((C2 x Q64) : C2)",2
768,364861,"((C2 x C2 x C2 x C2) : C2) x D24",8
768,365387,"((C4 x C4) : C2) x D24",8
768,365388,"D8 x (C3 : ((C4 x C4) : C2))",8
768,365398,"(C4 : Q8) x D24",8
768,365399,"D8 x (C3 : (C4 : Q8))",8
768,374427,"((C2 x C2 x C2 x C2) : C2) x (C3 : Q8)",8
768,374672,"((C4 x C4) : C2) x (C3 : Q8)",8
768,374673,"Q8 x (C3 : ((C4 x C4) : C2))",8
768,374678,"(C4 : Q8) x (C3 : Q8)",8
768,374680,"Q8 x (C3 : (C4 : Q8))",8
768,375391,"((C2 x ((C2 x C2 x C2 x C2) : C2)) : C2) x S3",8
768,375660,"((C2 x ((C4 x C4) : C2)) : C2) x S3",8
768,375662,"C2 x (C3 : ((C2 x ((C4 x C4) : C2)) : C2))",16
768,375663,"((C4 x C4) : Q8) x S3",8
768,375666,"C2 x (C3 : ((C4 x C4) : Q8))",16
768,1035966,"((C2 x C2 x D16) : C2) x S3",4
768,1035996,"((C2 x C2 x Q16) : C2) x S3",4
768,1036167,"C2 x ((((C4 x C4) : C2) : C2) x S3)",4
768,1036185,"C2 x (((C4 : Q8) : C2) x S3)",4
768,1036244,"C3 : ((C2 x (((C4 x C4) : C2) : C2)) : C2)",2
768,1036271,"C3 : ((C2 x ((C4 : Q8) : C2)) : C2)",2
768,1036279,"C2 x ((((C2 x C2 x C2 x C2) : C2) : C2) x S3)",4
768,1036317,"C3 : ((C2 x (((C2 x C2 x C2 x C2) : C2) : C2)) : C2)",2
768,1036323,"C3 : (((((C2 x C2 x C2 x C2) : C2) : C2) : C2) : C2)",2
768,1038968,"C2 x ((((C4 x C4) : C2) : C2) x S3)",8
768,1038971,"C2 x C2 x (C3 : (((C4 x C4) : C2) : C2))",16
768,1038972,"C2 x ((C4 : Q16) x S3)",8
768,1038975,"C2 x C2 x (C3 : (C4 : Q16))",16
768,1039108,"C3 : ((C2 x (((C4 x C4) : C2) : C2)) : C2)",4
768,1039113,"C3 : ((C2 x (((C4 x C4) : C2) : C2)) : C2)",4
768,1039115,"C3 : ((C2 x (C4 : Q16)) : C2)",4
768,1039120,"C3 : ((C2 x (C4 : Q16)) : C2)",4
768,1039163,"C2 x ((C8 : Q8) x S3)",8
768,1039166,"C2 x C2 x (C3 : (C8 : Q8))",16
768,1039259,"C3 : ((C2 x (C8 : Q8)) : C2)",4
768,1039264,"C3 : ((C2 x (C8 : Q8)) : C2)",4
768,1044755,"D8 x D16 x S3",4
768,1044762,"C2 x D16 x D24",8
768,1044763,"C2 x D8 x D48",8
768,1044837,"D8 x Q16 x S3",4
768,1044844,"C2 x Q16 x D24",8
768,1044845,"C2 x (D8 x (C3 : Q16))",8
768,1044884,"C3 : (((C2 x (C8 : (C2 x C2))) : C2) : C2)",4
768,1044950,"C3 : (((C2 x ((C2 x Q8) : C2)) : C2) : C2)",4
768,1045602,"C3 : (((C2 x (C8 : (C2 x C2))) : C2) : C2)",4
768,1045603,"C3 : (((C2 x (C8 : (C2 x C2))) : C2) : C2)",4
768,1045627,"C3 : (((C2 x ((C2 x Q8) : C2)) : C2) : C2)",4
768,1045628,"C3 : (((C2 x ((C2 x Q8) : C2)) : C2) : C2)",4
768,1045789,"(((C8 : (C2 x C2)) : C2) : C2) x S3",2
768,1045794,"C2 x (C3 : (((C8 : (C2 x C2)) : C2) : C2))",4
768,1045795,"((((C2 x Q8) : C2) : C2) : C2) x S3",2
768,1045800,"C2 x (C3 : ((((C2 x Q8) : C2) : C2) : C2))",4
768,1049978,"Q8 x D16 x S3",4
768,1049982,"C2 x (D16 x (C3 : Q8))",8
768,1049983,"C2 x Q8 x D48",8
768,1050013,"Q8 x Q16 x S3",4
768,1050017,"C2 x (Q16 x (C3 : Q8))",8
768,1050018,"C2 x (Q8 x (C3 : Q16))",8
768,1050244,"C3 : ((((C4 : Q8) : C2) : C2) : C2)",4
768,1050248,"C3 : ((((C4 : Q8) : C2) : C2) : C2)",4
768,1072066,"C3 : (((((C4 x C2 x C2) : C2) : C2) : C2) : C2)",4
768,1072071,"C3 : (((((C4 x C2 x C2) : C2) : C2) : C2) : C2)",4
768,1072073,"C3 : (((C4 : Q16) : C2) : C2)",4
768,1072078,"C3 : (((C4 : Q16) : C2) : C2)",4
768,1073099,"C3 : (((((C4 x C2 x C2) : C2) : C2) : C2) : C2)",4
768,1073104,"C3 : (((((C4 x C2 x C2) : C2) : C2) : C2) : C2)",4
768,1073106,"C3 : (((C8 : Q8) : C2) : C2)",4
768,1073111,"C3 : (((C8 : Q8) : C2) : C2)",4
768,1076041,"C2 x C2 x D32 x S3",8
768,1076043,"C2 x C2 x C2 x D96",16
768,1076048,"C2 x C2 x Q32 x S3",8
768,1076050,"C2 x C2 x C2 x (C3 : Q32)",16
768,1076075,"((C2 x D32) : C2) x S3",2
768,1076077,"C2 x (C3 : ((C2 x D32) : C2))",4
768,1076080,"C2 x (C3 : ((C2 x D32) : C2))",4
768,1076089,"((C2 x Q32) : C2) x S3",2
768,1076091,"C2 x (C3 : ((C2 x Q32) : C2))",4
768,1076094,"C2 x (C3 : ((C2 x Q32) : C2))",4
768,1076197,"C2 x C2 x (((C2 x C2 x C2 x C2) : C2) x S3)",16
768,1076253,"C2 x C2 x (((C4 x C4) : C2) x S3)",16
768,1076255,"C2 x C2 x C2 x (C3 : ((C4 x C4) : C2))",32
768,1076256,"C2 x C2 x ((C4 : Q8) x S3)",16
768,1076259,"C2 x C2 x C2 x (C3 : (C4 : Q8))",32
768,1076474,"C2 x D8 x D8 x S3",8
768,1076479,"C2 x C2 x D8 x D24",16
768,1076480,"C2 x Q8 x D8 x S3",8
768,1076484,"C2 x C2 x (D8 x (C3 : Q8))",16
768,1076485,"C2 x C2 x Q8 x D24",16
768,1076633,"C2 x Q8 x Q8 x S3",8
768,1076635,"C2 x C2 x (Q8 x (C3 : Q8))",16
768,1077443,"((C2 x ((C2 x C2 x C2 x C2) : C2)) : C2) x S3",4
768,1077447,"C2 x (C3 : ((C2 x ((C2 x C2 x C2 x C2) : C2)) : C2))",8
768,1077729,"((((C2 x C2 x C2 x C2) : C2) : C2) : C2) x S3",4
768,1077731,"C2 x (C3 : ((((C2 x C2 x C2 x C2) : C2) : C2) : C2))",8
768,1077883,"((((C4 x C4) : C2) : C2) : C2) x S3",4
768,1077885,"C2 x (C3 : ((((C4 x C4) : C2) : C2) : C2))",8
768,1077890,"C2 x (C3 : ((((C4 x C4) : C2) : C2) : C2))",8
768,1077891,"(((C4 : Q8) : C2) : C2) x S3",4
768,1077893,"C2 x (C3 : (((C4 : Q8) : C2) : C2))",8
768,1077900,"C2 x (C3 : (((C4 : Q8) : C2) : C2))",8
768,1077976,"(((C4 : Q8) : C2) : C2) x S3",4
768,1077978,"C2 x (C3 : (((C4 : Q8) : C2) : C2))",8
768,1077983,"C2 x (C3 : (((C4 : Q8) : C2) : C2))",8
768,1078449,"C3 : (((((C2 x C2 x C2 x C2) : C2) : C2) : C2) : C2)",4
768,1078457,"C3 : (((((C4 x C2 x C2) : C2) : C2) : C2) : C2)",4
768,1081668,"D8 x (C3 : ((C2 x C2 x C2) : (C2 x C2)))",4
768,1081673,"((C2 x C2 x C2) : (C2 x C2)) x D24",4
768,1081676,"Q8 x (C3 : ((C2 x C2 x C2) : (C2 x C2)))",4
768,1081678,"((C2 x C2 x C2) : (C2 x C2)) x (C3 : Q8)",4
768,1081877,"D8 x (C3 : ((C2 x Q8) : C2))",4
768,1081883,"((C2 x Q8) : C2) x D24",4
768,1081885,"Q8 x (C3 : ((C2 x Q8) : C2))",4
768,1081888,"((C2 x Q8) : C2) x (C3 : Q8)",4
768,1082072,"C3 : ((C2 x D8 x D8) : C2)",4
768,1082167,"C3 : ((C2 x Q8 x D8) : C2)",4
768,1082175,"C3 : ((C2 x Q8 x D8) : C2)",4
768,1082631,"C3 : ((C2 x Q8 x Q8) : C2)",4
768,1082635,"C3 : ((C2 x Q8 x Q8) : C2)",4
768,1082658,"C3 : ((((C4 x D8) : C2) : C2) : C2)",4
768,1083341,"C2 x C2 x C2 x D16 x S3",16
768,1083343,"C2 x C2 x C2 x C2 x D48",32
768,1083348,"C2 x C2 x C2 x Q16 x S3",16
768,1083350,"C2 x C2 x C2 x C2 x (C3 : Q16)",32
768,1083375,"C2 x (((C2 x D16) : C2) x S3)",4
768,1083377,"C2 x C2 x (C3 : ((C2 x D16) : C2))",8
768,1083380,"C2 x C2 x (C3 : ((C2 x D16) : C2))",8
768,1083389,"C2 x (((C2 x Q16) : C2) x S3)",4
768,1083391,"C2 x C2 x (C3 : ((C2 x Q16) : C2))",8
768,1083394,"C2 x C2 x (C3 : ((C2 x Q16) : C2))",8
768,1083426,"C3 : ((C2 x ((C2 x D16) : C2)) : C2)",2
768,1083429,"C3 : ((C2 x ((C2 x D16) : C2)) : C2)",2
768,1083438,"C3 : ((C2 x ((C2 x Q16) : C2)) : C2)",2
768,1083441,"C3 : ((C2 x ((C2 x Q16) : C2)) : C2)",2
768,1083444,"C2 x C2 x C2 x C2 x D8 x S3",32
768,1083446,"C2 x C2 x C2 x C2 x C2 x D24",64
768,1083447,"C2 x C2 x C2 x C2 x Q8 x S3",32
768,1083448,"C2 x C2 x C2 x C2 x C2 x (C3 : Q8)",64
768,1083453,"C2 x C2 x (((C2 x C2 x C2) : (C2 x C2)) x S3)",8
768,1083455,"C2 x C2 x C2 x (C3 : ((C2 x C2 x C2) : (C2 x C2)))",16
768,1083456,"C2 x C2 x (((C2 x Q8) : C2) x S3)",8
768,1083457,"C2 x C2 x C2 x (C3 : ((C2 x Q8) : C2))",16
768,1083463,"((C2 x ((C2 x C2 x C2) : (C2 x C2))) : C2) x S3",2
768,1083465,"C2 x (C3 : ((C2 x ((C2 x C2 x C2) : (C2 x C2))) : C2))",4
768,1083466,"((C2 x ((C2 x Q8) : C2)) : C2) x S3",2
768,1083468,"C2 x (C3 : ((C2 x ((C2 x Q8) : C2)) : C2))",4
768,1083472,"C2 x C2 x C2 x C2 x C2 x C2 x C2 x S3",128
768,1085768,"((((C2 x (C8 : C2)) : C2) : C2) : C3) : C2",2
768,1085769,"(C2 . ((((C4 x C2) : C4) : C3) : C2) = ((C4 . (C4 x C4)) : C3) . C2) : C2",2
768,1086301,"C2 x ((((C2 x ((C4 x C2) : C2)) : C2) : C3) : C2)",4
768,1086310,"C2 x (C2 . ((((C2 x C2 x C2 x C2) : C2) : C3) : C2) = ((C2 x C2 x Q8) : C3) . (C2 x C2))",4
768,1088556,"(((((C2 x C2 x C2 x C2) : C2) : C2) : C3) : C2) : C2",2
768,1088558,"((C2 . (((C2 x C2 x C2 x C2) : C3) : C2) = (((C2 x C2 x C2) : (C2 x C2)) : C3) . C2) : C2) : C2",2
768,1088585,"D32 x S4",2
768,1088590,"Q32 x S4",2
768,1088763,"((C2 x C2 x C2 x C2) : C2) x S4",4
768,1088789,"((C4 x C4) : C2) x S4",4
768,1088790,"(C4 : Q8) x S4",4
768,1089093,"C2 x C2 x ((((C4 x C4) : C2) : C3) : C2)",4
768,1089108,"C2 x C2 x ((((C2 x C2 x C2 x C2) : C2) : C3) : C2)",4
768,1089270,"C2 x D16 x S4",4
768,1089279,"C2 x Q16 x S4",4
768,1089307,"D8 x ((((C4 x C2) : C2) : C3) : C2)",4
768,1089316,"D8 x ((C2 . S4 = SL(2;3) . C2) : C2)",4
768,1089372,"((((((C4 x C2) : C2) : C3) : C2) : C2) : C2) : C2",2
768,1089379,"((((((C4 x C2) : C2) : C3) : C2) : C2) : C2) : C2",2
768,1089508,"Q8 x ((((C4 x C2) : C2) : C3) : C2)",4
768,1089511,"Q8 x ((C2 . S4 = SL(2;3) . C2) : C2)",4
768,1090146,"C2 x C2 x D8 x S4",8
768,1090147,"C2 x C2 x Q8 x S4",8
768,1090156,"((C2 x C2 x C2) : (C2 x C2)) x S4",2
768,1090158,"((C2 x Q8) : C2) x S4",2
768,1090163,"C2 x C2 x C2 x ((((C4 x C2) : C2) : C3) : C2)",16
768,1090165,"C2 x C2 x C2 x ((C2 . S4 = SL(2;3) . C2) : C2)",16
768,1090172,"C2 x ((C2 x ((((C4 x C2) : C2) : C3) : C2)) : C2)",4
768,1090175,"C2 x ((((((C4 x C2) : C2) : C3) : C2) : C2) : C2)",4
768,1090233,"C2 x C2 x C2 x C2 x C2 x S4",32
770,11,"D770",1
772,4,"D772",2
774,5,"D774",1
774,15,"(C3 x C3) : D86",1
776,4,"C97 : Q8",2
776,6,"D776",2
776,14,"C2 x C2 x D194",4
778,1,"D778",1
780,38,"D30 x D26",1
780,40,"D10 x D78",1
780,41,"S3 x D130",1
780,52,"D780",2
782,3,"D782",1
784,3,"C49 : Q16",2
784,7,"D784",2
784,27,"C2 x (C49 : Q8)",4
784,29,"C2 x D392",4
784,31,"D8 x D98",2
784,33,"Q8 x D98",2
784,45,"C2 x C2 x C2 x D98",8
784,83,"(C7 x C7) : D16",2
784,84,"(C7 x C7) : Q16",2
784,118,"(C7 : Q8) x D14",2
784,125,"D56 x D14",2
784,146,"C2 x ((C7 x C7) : Q8)",4
784,148,"C2 x ((C7 x C7) : D8)",4
784,150,"D8 x ((C7 x C7) : C2)",2
784,152,"Q8 x ((C7 x C7) : C2)",2
784,161,"(C7 x C7) : D16",1
784,169,"C2 x C2 x D14 x D14",4
784,171,"C2 x C2 x C2 x ((C7 x C7) : C2)",8
786,3,"D786",1
788,4,"D788",2
790,3,"D790",1
792,23,"C9 : (C11 : Q8)",2
792,25,"D792",2
792,40,"C2 x D22 x D18",2
792,44,"C2 x C2 x D198",4
792,100,"(C3 x C3) : (C11 : Q8)",2
792,102,"(C3 x C3) : D88",2
792,116,"S3 x S3 x D22",1
792,127,"C2 x (((C3 x C3) : C2) x D22)",2
792,129,"C2 x S3 x D66",2
792,136,"C2 x C2 x ((C3 x C3) : D22)",4
794,1,"D794",1
796,3,"D796",2
798,23,"D798",1
800,6,"D800",2
800,8,"C25 : Q32",2
800,90,"C25 : (C4 : Q8)",4
800,95,"C25 : ((C4 x C4) : C2)",4
800,120,"C2 x (C25 : Q16)",4
800,125,"C2 x D400",4
800,131,"D16 x D50",2
800,138,"Q16 x D50",2
800,216,"C2 x C2 x (C25 : Q8)",8
800,218,"C2 x C2 x D200",8
800,220,"C2 x D8 x D50",4
800,223,"C2 x Q8 x D50",4
800,227,"C25 : ((C2 x C2 x C2) : (C2 x C2))",2
800,228,"C25 : ((C2 x Q8) : C2)",2
800,325,"(C5 x C5) : D32",2
800,327,"(C5 x C5) : Q32",2
800,386,"C2 x C2 x C2 x C2 x D50",16
800,570,"D80 x D10",2
800,576,"(C5 : Q16) x D10",2
800,848,"(C5 x C5) : (C4 : Q8)",4
800,853,"(C5 x C5) : ((C4 x C4) : C2)",4
800,882,"C2 x ((C5 x C5) : D16)",4
800,884,"C2 x ((C5 x C5) : Q16)",4
800,889,"D16 x ((C5 x C5) : C2)",2
800,896,"Q16 x ((C5 x C5) : C2)",2
800,1118,"C2 x ((C5 : Q8) x D10)",4
800,1122,"(C5 x C5) : ((C2 x Q8) : C2)",2
800,1127,"C2 x D40 x D10",4
800,1132,"(C5 x C5) : ((C2 x C2 x C2) : (C2 x C2))",2
800,1134,"D8 x D10 x D10",2
800,1141,"Q8 x D10 x D10",2
800,1170,"C2 x C2 x ((C5 x C5) : Q8)",8
800,1172,"C2 x C2 x ((C5 x C5) : D8)",8
800,1174,"C2 x (D8 x ((C5 x C5) : C2))",4
800,1177,"C2 x (Q8 x ((C5 x C5) : C2))",4
800,1181,"(C5 x C5) : ((C2 x C2 x C2) : (C2 x C2))",2
800,1182,"(C5 x C5) : ((C2 x Q8) : C2)",2
800,1208,"C2 x C2 x C2 x D10 x D10",8
800,1210,"C2 x C2 x C2 x C2 x ((C5 x C5) : C2)",16
802,1,"D802",1
804,8,"S3 x D134",1
804,14,"D804",2
806,3,"D806",1
808,4,"C101 : Q8",2
808,6,"D808",2
808,13,"C2 x C2 x D202",4
810,3,"D810",1
810,47,"(C9 x C9) : D10",1
810,49,"(C27 x C3) : D10",1
810,95,"(C9 x C3 x C3) : D10",1
810,112,"(C3 x C3 x C3 x C3) : D10",1
812,12,"D14 x D58",1
812,15,"D812",2
814,3,"D814",1
816,68,"D816",2
816,69,"C3 : (C17 : Q16)",2
816,121,"(C3 : Q8) x D34",2
816,124,"S3 x (C17 : Q8)",2
816,132,"D24 x D34",2
816,133,"S3 x D136",2
816,171,"C2 x (C3 : (C17 : Q8))",4
816,173,"C2 x D408",4
816,175,"D8 x D102",2
816,177,"Q8 x D102",2
816,190,"D34 x S4",1
816,199,"C2 x C2 x S3 x D34",4
816,204,"C2 x C2 x C2 x D102",8
818,1,"D818",1
820,16,"D10 x D82",1
820,19,"D820",2
822,3,"D822",1
824,3,"C103 : Q8",2
824,5,"D824",2
824,11,"C2 x C2 x D206",4
826,3,"D826",1
828,5,"D46 x D18",1
828,9,"D828",2
828,20,"((C3 x C3) : C2) x D46",1
828,22,"S3 x D138",1
828,29,"C2 x ((C3 x C3) : D46)",2
830,3,"D830",1
832,6,"D832",2
832,8,"C13 : Q64",2
832,309,"C13 : (C8 : Q8)",4
832,322,"C13 : ((C2 x D16) : C2)",4
832,326,"C13 : (C4 : Q16)",4
832,529,"C2 x D416",4
832,532,"C2 x (C13 : Q32)",4
832,537,"D32 x D26",2
832,544,"Q32 x D26",2
832,1139,"C2 x (C13 : (C4 : Q8))",8
832,1146,"C2 x (C13 : ((C4 x C4) : C2))",8
832,1208,"D8 x (C13 : Q8)",4
832,1220,"D8 x D104",4
832,1237,"Q8 x (C13 : Q8)",4
832,1246,"Q8 x D104",4
832,1259,"((C2 x C2 x C2 x C2) : C2) x D26",4
832,1385,"((C4 x C4) : C2) x D26",4
832,1394,"(C4 : Q8) x D26",4
832,1411,"C2 x C2 x D208",8
832,1413,"C2 x C2 x (C13 : Q16)",8
832,1423,"C13 : ((C2 x D16) : C2)",2
832,1424,"C13 : (((C8 x C2) : C2) : C2)",2
832,1425,"C2 x D16 x D26",4
832,1434,"C2 x Q16 x D26",4
832,1440,"C13 : (((C2 x C2 x C2) : (C2 x C2)) : C2)",2
832,1442,"C13 : (((C2 x Q8) : C2) : C2)",2
832,1601,"C2 x C2 x C2 x (C13 : Q8)",16
832,1603,"C2 x C2 x C2 x D104",16
832,1605,"C2 x C2 x D8 x D26",8
832,1608,"C2 x C2 x Q8 x D26",8
832,1612,"C2 x (C13 : ((C2 x C2 x C2) : (C2 x C2)))",4
832,1613,"C2 x (C13 : ((C2 x Q8) : C2))",4
832,1615,"((C2 x C2 x C2) : (C2 x C2)) x D26",2
832,1617,"((C2 x Q8) : C2) x D26",2
832,1629,"C2 x C2 x C2 x C2 x C2 x D26",32
834,5,"D834",1
836,5,"D22 x D38",1
836,8,"D836",2
838,1,"D838",1
840,126,"C3 : (C5 : (C7 : Q8))",2
840,128,"D840",2
840,150,"S3 x D10 x D14",1
840,171,"C2 x D30 x D14",2
840,173,"C2 x D10 x D42",2
840,174,"C2 x S3 x D70",2
840,185,"C2 x C2 x D210",4
842,1,"D842",1
844,3,"D844",2
846,3,"D846",1
846,9,"(C3 x C3) : D94",1
848,7,"D848",2
848,8,"C53 : Q16",2
848,35,"C2 x (C53 : Q8)",4
848,37,"C2 x D424",4
848,39,"D8 x D106",2
848,41,"Q8 x D106",2
848,50,"C2 x C2 x C2 x D106",8
850,3,"D850",1
850,9,"(C5 x C5) : D34",1
852,5,"S3 x D142",1
852,9,"D852",2
854,3,"D854",1
856,3,"C107 : Q8",2
856,5,"D856",2
856,11,"C2 x C2 x D214",4
858,11,"D858",1
860,7,"D10 x D86",1
860,10,"D860",2
862,1,"D862",1
864,4,"C27 : Q32",2
864,7,"D864",2
864,85,"C27 : (C4 : Q8)",4
864,90,"C27 : ((C4 x C4) : C2)",4
864,115,"C2 x (C27 : Q16)",4
864,120,"C2 x D432",4
864,126,"D16 x D54",2
864,133,"Q16 x D54",2
864,474,"(C9 x C3) : D32",2
864,476,"(C9 x C3) : Q32",2
864,631,"C2 x C2 x (C27 : Q8)",8
864,633,"C2 x C2 x D216",8
864,635,"C2 x D8 x D54",4
864,638,"C2 x Q8 x D54",4
864,642,"C27 : ((C2 x C2 x C2) : (C2 x C2))",2
864,643,"C27 : ((C2 x Q8) : C2)",2
864,762,"S3 x (C9 : Q16)",2
864,770,"S3 x D144",2
864,781,"D48 x D18",2
864,793,"(C3 : Q16) x D18",2
864,1673,"(C9 x C3) : (C4 : Q8)",4
864,1678,"(C9 x C3) : ((C4 x C4) : C2)",4
864,1734,"C2 x ((C9 x C3) : Q16)",4
864,1739,"C2 x ((C9 x C3) : D16)",4
864,1756,"D16 x ((C9 x C3) : C2)",2
864,1770,"Q16 x ((C9 x C3) : C2)",2
864,1920,"C2 x C2 x C2 x C2 x D54",16
864,2136,"(C3 x C3 x C3) : D32",2
864,2138,"(C3 x C3 x C3) : Q32",2
864,2278,"C2 x (((C3 x C3) : C3) : Q16)",4
864,2423,"C2 x ((C3 : Q8) x D18)",4
864,2428,"C2 x (S3 x (C9 : Q8))",4
864,2432,"(C9 x C3) : ((C2 x Q8) : C2)",2
864,2437,"C2 x S3 x D72",4
864,2438,"C2 x D24 x D18",4
864,2445,"(C9 x C3) : ((C2 x C2 x C2) : (C2 x C2))",2
864,2462,"D8 x S3 x D18",2
864,2478,"Q8 x S3 x D18",2
864,2618,"C2 x C2 x ((C9 x C3) : Q8)",8
864,2620,"C2 x C2 x ((C9 x C3) : D8)",8
864,2626,"C2 x (D8 x ((C9 x C3) : C2))",4
864,2632,"C2 x (Q8 x ((C9 x C3) : C2))",4
864,2639,"(C9 x C3) : ((C2 x C2 x C2) : (C2 x C2))",2
864,2640,"(C9 x C3) : ((C2 x Q8) : C2)",2
864,3281,"((C3 x C3) : D16) x S3",2
864,3285,"((C3 x C3) : C2) x D48",2
864,3292,"((C3 x C3) : Q16) x S3",2
864,3295,"((C3 x C3) : C2) x (C3 : Q16)",2
864,3877,"(C3 x C3 x C3) : (C4 : Q8)",4
864,3882,"(C3 x C3 x C3) : ((C4 x C4) : C2)",4
864,3911,"C2 x ((C3 x C3 x C3) : D16)",4
864,3913,"C2 x ((C3 x C3 x C3) : Q16)",4
864,3918,"D16 x ((C3 x C3 x C3) : C2)",2
864,3925,"Q16 x ((C3 x C3 x C3) : C2)",2
864,3998,"C2 x D18 x S4",2
864,4007,"C2 x C2 x (((C3 x C3) : C3) : D8)",4
864,4032,"C2 x C2 x C2 x S3 x D18",8
864,4048,"C2 x C2 x C2 x C2 x ((C9 x C3) : C2)",16
864,4097,"((C3 x C3) : Q16) x S3",2
864,4337,"(C3 : Q8) x S3 x S3",2
864,4368,"D24 x S3 x S3",2
864,4526,"C2 x (((C3 x C3) : Q8) x S3)",4
864,4530,"(C3 x C3 x C3) : ((C2 x Q8) : C2)",2
864,4531,"C2 x (((C3 x C3) : C2) x (C3 : Q8))",4
864,4540,"C2 x (((C12 x C3) : C2) x S3)",4
864,4541,"C2 x (((C3 x C3) : C2) x D24)",4
864,4548,"(C3 x C3 x C3) : ((C2 x C2 x C2) : (C2 x C2))",2
864,4550,"D8 x ((C3 x C3) : C2) x S3",2
864,4560,"Q8 x ((C3 x C3) : C2) x S3",2
864,4640,"C2 x C2 x ((C3 x C3 x C3) : Q8)",8
864,4642,"C2 x C2 x ((C3 x C3 x C3) : D8)",8
864,4644,"C2 x (D8 x ((C3 x C3 x C3) : C2))",4
864,4647,"C2 x (Q8 x ((C3 x C3 x C3) : C2))",4
864,4651,"(C3 x C3 x C3) : ((C2 x C2 x C2) : (C2 x C2))",2
864,4652,"(C3 x C3 x C3) : ((C2 x Q8) : C2)",2
864,4673,"S3 x S3 x S4",1
864,4686,"C2 x (((S3 x S3) : C2) x S3)",2
864,4691,"C2 x (((C3 x C3) : C2) x S4)",2
864,4704,"C2 x C2 x S3 x S3 x S3",4
864,4718,"C2 x C2 x C2 x (((C3 x C3) : C2) x S3)",8
864,4724,"C2 x C2 x C2 x C2 x ((C3 x C3 x C3) : C2)",16
866,1,"D866",1
868,5,"D14 x D62",1
868,8,"D868",2
870,7,"D870",1
872,4,"C109 : Q8",2
872,6,"D872",2
872,13,"C2 x C2 x D218",4
874,3,"D874",1
876,11,"S3 x D146",1
876,17,"D876",2
878,1,"D878",1
880,93,"D880",2
880,94,"C5 : (C11 : Q16)",2
880,149,"(C5 : Q8) x D22",2
880,152,"D10 x (C11 : Q8)",2
880,160,"D40 x D22",2
880,161,"D10 x D88",2
880,196,"C2 x (C5 : (C11 : Q8))",4
880,198,"C2 x D440",4
880,200,"D8 x D110",2
880,202,"Q8 x D110",2
880,217,"C2 x C2 x D10 x D22",4
880,220,"C2 x C2 x C2 x D110",8
882,5,"D882",1
882,15,"(C3 x C3) : D98",1
882,32,"C9 : ((C7 x C7) : C2)",1
882,67,"(C3 x C3) : ((C7 x C7) : C2)",1
884,11,"D26 x D34",1
884,14,"D884",2
886,1,"D886",1
888,37,"C3 : (C37 : Q8)",2
888,39,"D888",2
888,54,"C2 x S3 x D74",2
888,60,"C2 x C2 x D222",4
890,3,"D890",1
892,3,"D892",2
894,3,"D894",1
896,5,"D896",2
896,7,"C7 : Q128",2
896,582,"C7 : ((((C4 x C4) : C2) : C2) : C2)",4
896,585,"C7 : (C8 : Q16)",4
896,1564,"C7 : (C16 : Q8)",4
896,1580,"C7 : (((C2 x D16) : C2) : C2)",4
896,1586,"C7 : (C4 : Q32)",4
896,1887,"C2 x D448",4
896,1890,"C2 x (C7 : Q64)",4
896,1895,"D64 x D14",2
896,1902,"Q64 x D14",2
896,5522,"C7 : ((C4 x C4) : Q8)",8
896,5529,"C7 : ((C2 x ((C4 x C4) : C2)) : C2)",8
896,10652,"C2 x (C7 : (C8 : Q8))",8
896,10676,"C2 x (C7 : (((C4 x C4) : C2) : C2))",8
896,10685,"C2 x (C7 : (C4 : Q16))",8
896,11643,"D8 x D112",4
896,11656,"D8 x (C7 : Q16)",4
896,11784,"D16 x (C7 : Q8)",4
896,11816,"D16 x D56",4
896,11916,"Q16 x (C7 : Q8)",4
896,11944,"Q16 x D56",4
896,12105,"C7 : (((C8 : (C2 x C2)) : C2) : C2)",2
896,12106,"C7 : ((((C2 x Q8) : C2) : C2) : C2)",2
896,12139,"Q8 x D112",4
896,12147,"(C7 : Q16) x Q8",4
896,12487,"(((C4 x C4) : C2) : C2) x D14",2
896,12508,"((C4 : Q8) : C2) x D14",2
896,12517,"(((C2 x C2 x C2 x C2) : C2) : C2) x D14",2
896,13992,"(((C4 x C4) : C2) : C2) x D14",4
896,14009,"(C4 : Q16) x D14",4
896,14148,"(C8 : Q8) x D14",4
896,14212,"C2 x C2 x D224",8
896,14215,"C2 x C2 x (C7 : Q32)",8
896,14224,"C7 : ((C2 x D32) : C2)",2
896,14226,"C7 : ((C2 x Q32) : C2)",2
896,14227,"C2 x D32 x D14",4
896,14236,"C2 x Q32 x D14",4
896,14242,"C7 : ((C2 x D32) : C2)",2
896,14244,"C7 : ((C2 x Q32) : C2)",2
896,17504,"C2 x C2 x (C7 : (C4 : Q8))",16
896,17512,"C2 x C2 x (C7 : ((C4 x C4) : C2))",16
896,17589,"C2 x (D8 x (C7 : Q8))",8
896,17612,"C2 x D8 x D56",8
896,17634,"C2 x ((C7 : Q8) x Q8)",8
896,17647,"C2 x Q8 x D56",8
896,17661,"C7 : (((C2 x ((C4 x C2) : C2)) : C2) : C2)",4
896,17662,"C7 : (((C4 : Q8) : C2) : C2)",4
896,17680,"C7 : (((C2 x ((C4 x C2) : C2)) : C2) : C2)",4
896,17749,"C2 x (((C2 x C2 x C2 x C2) : C2) x D14)",8
896,17856,"C7 : (((C2 x ((C4 x C2) : C2)) : C2) : C2)",4
896,17873,"C7 : ((C2 x ((C2 x C2 x C2 x C2) : C2)) : C2)",4
896,18025,"C2 x (((C4 x C4) : C2) x D14)",8
896,18040,"C2 x ((C4 : Q8) x D14)",8
896,18076,"C7 : (((C2 x ((C4 x C2) : C2)) : C2) : C2)",4
896,18077,"C7 : (((C2 x ((C4 x C2) : C2)) : C2) : C2)",4
896,18115,"C7 : (((C4 : Q8) : C2) : C2)",4
896,18453,"D8 x D8 x D14",4
896,18592,"Q8 x D8 x D14",4
896,18879,"Q8 x D14 x Q8",4
896,18982,"C2 x C2 x C2 x D112",16
896,18985,"C2 x C2 x C2 x (C7 : Q16)",16
896,18995,"C2 x (C7 : ((C2 x D16) : C2))",4
896,18998,"C2 x (C7 : ((C2 x Q16) : C2))",4
896,19003,"C2 x C2 x D16 x D14",8
896,19012,"C2 x C2 x Q16 x D14",8
896,19018,"C2 x (C7 : ((C2 x D16) : C2))",4
896,19020,"C2 x (C7 : ((C2 x Q16) : C2))",4
896,19036,"((C2 x D16) : C2) x D14",2
896,19043,"((C2 x Q16) : C2) x D14",2
896,19310,"C2 x C2 x C2 x C2 x (C7 : Q8)",32
896,19312,"C2 x C2 x C2 x C2 x D56",32
896,19315,"C2 x C2 x C2 x D8 x D14",16
896,19318,"C2 x C2 x C2 x Q8 x D14",16
896,19320,"C2 x C2 x (C7 : ((C2 x Q8) : C2))",8
896,19322,"C2 x C2 x (C7 : ((C2 x C2 x C2) : (C2 x C2)))",8
896,19325,"C2 x (((C2 x C2 x C2) : (C2 x C2)) x D14)",4
896,19328,"C2 x (((C2 x Q8) : C2) x D14)",4
896,19330,"C7 : ((C2 x ((C2 x Q8) : C2)) : C2)",2
896,19332,"C7 : ((C2 x ((C2 x C2 x C2) : (C2 x C2))) : C2)",2
896,19348,"C2 x C2 x C2 x C2 x C2 x C2 x D14",64
898,1,"D898",1
900,7,"D18 x D50",1
900,11,"D900",2
900,35,"((C3 x C3) : C2) x D50",1
900,37,"S3 x D150",1
900,44,"C2 x ((C3 x C3) : D50)",2
900,61,"((C5 x C5) : C2) x D18",1
900,62,"D10 x D90",1
900,71,"C2 x (C9 : ((C5 x C5) : C2))",2
900,129,"((C3 x C3) : C2) x ((C5 x C5) : C2)",1
900,130,"D10 x ((C15 x C3) : C2)",1
900,135,"S3 x (C3 : ((C5 x C5) : C2))",1
900,137,"D30 x D30",1
900,149,"C2 x ((C3 x C3) : ((C5 x C5) : C2))",2
902,3,"D902",1
904,4,"C113 : Q8",2
904,6,"D904",2
904,14,"C2 x C2 x D226",4
906,5,"D906",1
908,3,"D908",2
910,7,"D910",1
912,93,"D912",2
912,94,"C3 : (C19 : Q16)",2
912,136,"(C3 : Q8) x D38",2
912,139,"S3 x (C19 : Q8)",2
912,147,"D24 x D38",2
912,148,"S3 x D152",2
912,193,"C2 x (C3 : (C19 : Q8))",4
912,195,"C2 x D456",4
912,197,"D8 x D114",2
912,199,"Q8 x D114",2
912,207,"D38 x S4",1
912,213,"C2 x C2 x S3 x D38",4
912,221,"C2 x C2 x C2 x D114",8
914,1,"D914",1
916,4,"D916",2
918,3,"D918",1
918,18,"(C9 x C3) : D34",1
918,29,"(C3 x C3 x C3) : D34",1
920,24,"C5 : (C23 : Q8)",2
920,26,"D920",2
920,35,"C2 x D10 x D46",2
920,38,"C2 x C2 x D230",4
922,1,"D922",1
924,19,"D42 x D22",1
924,21,"D14 x D66",1
924,22,"S3 x D154",1
924,33,"D924",2
926,1,"D926",1
928,6,"D928",2
928,8,"C29 : Q32",2
928,90,"C29 : (C4 : Q8)",4
928,95,"C29 : ((C4 x C4) : C2)",4
928,124,"C2 x D464",4
928,126,"C2 x (C29 : Q16)",4
928,131,"D16 x D58",2
928,138,"Q16 x D58",2
928,212,"C2 x C2 x (C29 : Q8)",8
928,214,"C2 x C2 x D232",8
928,216,"C2 x D8 x D58",4
928,219,"C2 x Q8 x D58",4
928,223,"C29 : ((C2 x C2 x C2) : (C2 x C2))",2
928,224,"C29 : ((C2 x Q8) : C2)",2
928,234,"C2 x C2 x C2 x C2 x D58",16
930,17,"D930",1
932,4,"D932",2
934,1,"D934",1
936,37,"C9 : (C13 : Q8)",2
936,39,"D936",2
936,64,"C2 x D26 x D18",2
936,70,"C2 x C2 x D234",4
936,159,"(C3 x C3) : (C13 : Q8)",2
936,161,"(C3 x C3) : D104",2
936,189,"S3 x S3 x D26",1
936,210,"C2 x (((C3 x C3) : C2) x D26)",2
936,212,"C2 x S3 x D78",2
936,221,"C2 x C2 x ((C3 x C3) : D26)",4
938,3,"D938",1
940,7,"D10 x D94",1
940,10,"D940",2
942,5,"D942",1
944,6,"D944",2
944,7,"C59 : Q16",2
944,27,"C2 x (C59 : Q8)",4
944,29,"C2 x D472",4
944,31,"D8 x D118",2
944,33,"Q8 x D118",2
944,41,"C2 x C2 x C2 x D118",8
946,3,"D946",1
948,8,"S3 x D158",1
948,14,"D948",2
950,3,"D950",1
950,9,"(C5 x C5) : D38",1
952,24,"C7 : (C17 : Q8)",2
952,26,"D952",2
952,38,"C2 x D14 x D34",2
952,41,"C2 x C2 x D238",4
954,3,"D954",1
954,9,"(C3 x C3) : D106",1
956,3,"D956",2
958,1,"D958",1
960,464,"D960",2
960,466,"C3 : (C5 : Q64)",2
960,1009,"D96 x D10",2
960,1013,"S3 x D160",2
960,1021,"(C3 : Q32) x D10",2
960,1024,"S3 x (C5 : Q32)",2
960,4978,"C3 : (C5 : (C8 : Q8))",4
960,4991,"C3 : (C5 : ((C2 x D16) : C2))",4
960,4995,"C3 : (C5 : (C4 : Q16))",4
960,5198,"C2 x D480",4
960,5201,"C2 x (C3 : (C5 : Q32))",4
960,5206,"D32 x D30",2
960,5213,"Q32 x D30",2
960,6670,"(C3 : Q8) x (C5 : Q8)",4
960,6724,"(C3 : (C4 : Q8)) x D10",4
960,6729,"D24 x (C5 : Q8)",4
960,6735,"(C3 : Q8) x D40",4
960,6742,"S3 x (C5 : (C4 : Q8))",4
960,6926,"(C3 : ((C4 x C4) : C2)) x D10",4
960,6930,"D24 x D40",4
960,6936,"S3 x (C5 : ((C4 x C4) : C2))",4
960,8150,"C2 x D48 x D10",4
960,8158,"C3 : (C5 : ((C2 x D16) : C2))",2
960,8160,"C2 x S3 x D80",4
960,8168,"C3 : (C5 : ((C2 x D16) : C2))",2
960,8179,"C2 x ((C3 : Q16) x D10)",4
960,8183,"C3 : (C5 : ((C2 x Q16) : C2))",2
960,8184,"C2 x (S3 x (C5 : Q16))",4
960,8198,"C3 : (C5 : (((C8 x C2) : C2) : C2))",2
960,8239,"D16 x S3 x D10",2
960,8291,"Q16 x S3 x D10",2
960,10422,"C2 x (C3 : (C5 : (C4 : Q8)))",8
960,10429,"C2 x (C3 : (C5 : ((C4 x C4) : C2)))",8
960,10491,"D8 x (C3 : (C5 : Q8))",4
960,10503,"D8 x D120",4
960,10520,"Q8 x (C3 : (C5 : Q8))",4
960,10529,"Q8 x D120",4
960,10542,"((C2 x C2 x C2 x C2) : C2) x D30",4
960,10668,"((C4 x C4) : C2) x D30",4
960,10677,"(C4 : Q8) x D30",4
960,10694,"C2 x C2 x D240",8
960,10696,"C2 x C2 x (C3 : (C5 : Q16))",8
960,10706,"C3 : (C5 : ((C2 x D16) : C2))",2
960,10707,"C3 : (C5 : (((C8 x C2) : C2) : C2))",2
960,10708,"C2 x D16 x D30",4
960,10717,"C2 x Q16 x D30",4
960,10723,"C3 : (C5 : (((C2 x C2 x C2) : (C2 x C2)) : C2))",2
960,10725,"C3 : (C5 : (((C2 x Q8) : C2) : C2))",2
960,10940,"(C5 : Q8) x S4",2
960,10952,"D40 x S4",2
960,10972,"D10 x ((C2 . S4 = SL(2;3) . C2) : C2)",2
960,10979,"D10 x ((((C4 x C2) : C2) : C3) : C2)",2
960,11194,"C2 x C2 x ((C3 : Q8) x D10)",8
960,11198,"C2 x (C3 : (C5 : ((C2 x Q8) : C2)))",4
960,11199,"C2 x C2 x (S3 x (C5 : Q8))",8
960,11208,"C2 x C2 x D24 x D10",8
960,11209,"C2 x C2 x S3 x D40",8
960,11216,"C2 x (C3 : (C5 : ((C2 x C2 x C2) : (C2 x C2))))",4
960,11219,"C2 x D8 x S3 x D10",4
960,11235,"C2 x Q8 x S3 x D10",4
960,11247,"(C3 : ((C2 x C2 x C2) : (C2 x C2))) x D10",2
960,11248,"S3 x (C5 : ((C2 x C2 x C2) : (C2 x C2)))",2
960,11250,"(C3 : ((C2 x Q8) : C2)) x D10",2
960,11251,"S3 x (C5 : ((C2 x Q8) : C2))",2
960,11328,"C2 x C2 x C2 x (C3 : (C5 : Q8))",16
960,11330,"C2 x C2 x C2 x D120",16
960,11332,"C2 x C2 x D8 x D30",8
960,11335,"C2 x C2 x Q8 x D30",8
960,11339,"C2 x (C3 : (C5 : ((C2 x C2 x C2) : (C2 x C2))))",4
960,11340,"C2 x (C3 : (C5 : ((C2 x Q8) : C2)))",4
960,11342,"((C2 x C2 x C2) : (C2 x C2)) x D30",2
960,11344,"((C2 x Q8) : C2) x D30",2
960,11364,"S3 x (((C2 x C2 x C2 x C2) : C5) : C2)",1
960,11372,"C2 x C2 x D10 x S4",4
960,11387,"C2 x C2 x C2 x C2 x S3 x D10",16
960,11393,"C2 x C2 x C2 x C2 x C2 x D30",32
962,3,"D962",1
964,4,"D964",2
966,11,"D966",1
968,3,"C121 : Q8",2
968,5,"D968",2
968,11,"C2 x C2 x D242",4
968,27,"(C11 x C11) : Q8",2
968,29,"(C11 x C11) : D8",2
968,39,"C2 x D22 x D22",2
968,41,"C2 x C2 x ((C11 x C11) : C2)",4
970,3,"D970",1
972,4,"D972",2
972,106,"D18 x D54",1
972,114,"S3 x D162",1
972,234,"C2 x ((C27 x C9) : C2)",2
972,244,"C2 x ((C81 x C3) : C2)",2
972,448,"D18 x ((C9 x C3) : C2)",1
972,449,"S3 x ((C9 x C9) : C2)",1
972,457,"((C3 x C3) : C2) x D54",1
972,458,"S3 x ((C27 x C3) : C2)",1
972,681,"C2 x ((C9 x C9 x C3) : C2)",2
972,685,"C2 x ((C27 x C3 x C3) : C2)",2
972,804,"((C3 x C3 x C3) : C2) x D18",1
972,805,"S3 x ((C9 x C3 x C3) : C2)",1
972,808,"((C3 x C3) : C2) x ((C9 x C3) : C2)",1
972,862,"C2 x ((C9 x C3 x C3 x C3) : C2)",2
972,890,"((C3 x C3 x C3 x C3) : C2) x S3",1
972,891,"((C3 x C3 x C3) : C2) x ((C3 x C3) : C2)",1
972,899,"C2 x ((C3 x C3 x C3 x C3 x C3) : C2)",2
974,1,"D974",1
976,7,"D976",2
976,8,"C61 : Q16",2
976,35,"C2 x (C61 : Q8)",4
976,37,"C2 x D488",4
976,39,"D8 x D122",2
976,41,"Q8 x D122",2
976,50,"C2 x C2 x C2 x D122",8
978,5,"D978",1
980,7,"D10 x D98",1
980,10,"D980",2
980,26,"D10 x ((C7 x C7) : C2)",1
980,27,"D14 x D70",1
980,33,"C2 x (C5 : ((C7 x C7) : C2))",2
982,1,"D982",1
984,25,"C3 : (C41 : Q8)",2
984,27,"D984",2
984,41,"C2 x S3 x D82",2
984,45,"C2 x C2 x D246",4
986,3,"D986",1
988,7,"D26 x D38",1
988,10,"D988",2
990,11,"D990",1
990,29,"(C3 x C3) : D110",1
992,5,"D992",2
992,7,"C31 : Q32",2
992,64,"C31 : (C4 : Q8)",4
992,69,"C31 : ((C4 x C4) : C2)",4
992,98,"C2 x D496",4
992,100,"C2 x (C31 : Q16)",4
992,105,"D16 x D62",2
992,112,"Q16 x D62",2
992,173,"C2 x C2 x (C31 : Q8)",8
992,175,"C2 x C2 x D248",8
992,177,"C2 x D8 x D62",4
992,180,"C2 x Q8 x D62",4
992,184,"C31 : ((C2 x C2 x C2) : (C2 x C2))",2
992,185,"C31 : ((C2 x Q8) : C2)",2
992,195,"C2 x C2 x C2 x C2 x D62",16
994,5,"D994",1
996,5,"S3 x D166",1
996,9,"D996",2
998,1,"D998",1
1000,4,"C125 : Q8",2
1000,6,"D1000",2
1000,13,"C2 x C2 x D250",4
1000,67,"(C25 x C5) : Q8",2
1000,69,"(C25 x C5) : D8",2
1000,105,"C2 x D10 x D50",2
1000,111,"C2 x C2 x ((C25 x C5) : C2)",4
1000,154,"(C5 x C5 x C5) : Q8",2
1000,156,"(C5 x C5 x C5) : D8",2
1000,183,"D10 x D10 x D10",1
1000,194,"C2 x (((C5 x C5) : C2) x D10)",2
1000,198,"C2 x C2 x ((C5 x C5 x C5) : C2)",4
1002,3,"D1002",1
1004,3,"D1004",2
1006,1,"D1006",1
1008,90,"C9 : (C7 : Q16)",2
1008,94,"D1008",2
1008,146,"(C7 : Q8) x D18",2
1008,150,"D14 x (C9 : Q8)",2
1008,157,"D14 x D72",2
1008,158,"D56 x D18",2
1008,203,"C2 x (C9 : (C7 : Q8))",4
1008,205,"C2 x D504",4
1008,207,"D8 x D126",2
1008,209,"Q8 x D126",2
1008,477,"(C3 x C3) : D112",2
1008,478,"(C3 x C3) : (C7 : Q16)",2
1008,507,"C2 x C2 x D14 x D18",4
1008,515,"C2 x C2 x C2 x D126",8
1008,726,"((C3 x C3) : Q8) x D14",2
1008,729,"((C3 x C3) : C2) x (C7 : Q8)",2
1008,737,"((C12 x C3) : C2) x D14",2
1008,738,"((C3 x C3) : C2) x D56",2
1008,771,"(C3 : Q8) x D42",2
1008,774,"S3 x (C3 : (C7 : Q8))",2
1008,782,"D24 x D42",2
1008,783,"S3 x D168",2
1008,866,"C2 x ((C3 x C3) : (C7 : Q8))",4
1008,868,"C2 x ((C3 x C3) : D56)",4
1008,870,"D8 x ((C3 x C3) : D14)",2
1008,872,"Q8 x ((C3 x C3) : D14)",2
1008,896,"((S3 x S3) : C2) x D14",1
1008,904,"D42 x S4",1
1008,922,"C2 x S3 x S3 x D14",2
1008,940,"C2 x C2 x (((C3 x C3) : C2) x D14)",4
1008,942,"C2 x C2 x S3 x D42",4
1008,953,"C2 x C2 x C2 x ((C3 x C3) : D14)",8
1010,5,"D1010",1
1012,9,"D22 x D46",1
1012,12,"D1012",2
1014,5,"D1014",1
1014,22,"C3 : ((C13 x C13) : C2)",1
1016,10,"D1016",2
1016,11,"C127 : Q8",2
1016,12,"C2 x C2 x D254",4
1018,1,"D1018",1
1020,24,"D30 x D34",1
1020,26,"D10 x D102",1
1020,27,"S3 x D170",1
1020,36,"D1020",2
1022,3,"D1022",1
1026,5,"D1026",1
1026,44,"(C9 x C3) : D38",1
1026,65,"(C3 x C3 x C3) : D38",1
1028,4,"D1028",2
1030,3,"D1030",1
1032,34,"C3 : (C43 : Q8)",2
1032,36,"D1032",2
1032,47,"C2 x S3 x D86",2
1032,53,"C2 x C2 x D258",4
1034,3,"D1034",1
1036,7,"D14 x D74",1
1036,10,"D1036",2
1038,3,"D1038",1
1040,71,"D1040",2
1040,72,"C5 : (C13 : Q16)",2
1040,155,"(C5 : Q8) x D26",2
1040,158,"D10 x (C13 : Q8)",2
1040,166,"D40 x D26",2
1040,167,"D10 x D104",2
1040,202,"C2 x (C5 : (C13 : Q8))",4
1040,204,"C2 x D520",4
1040,206,"D8 x D130",2
1040,208,"Q8 x D130",2
1040,227,"C2 x C2 x D10 x D26",4
1040,230,"C2 x C2 x C2 x D130",8
1042,1,"D1042",1
1044,7,"D58 x D18",1
1044,11,"D1044",2
1044,26,"((C3 x C3) : C2) x D58",1
1044,28,"S3 x D174",1
1044,35,"C2 x ((C3 x C3) : D58)",2
1046,1,"D1046",1
1048,10,"D1048",2
1048,11,"C131 : Q8",2
1048,12,"C2 x C2 x D262",4
1050,11,"D1050",1
1050,39,"C3 : ((C5 x C5) : D14)",1
1052,3,"D1052",2
1054,3,"D1054",1
1056,158,"D1056",2
1056,159,"C3 : (C11 : Q32)",2
1056,235,"D48 x D22",2
1056,240,"S3 x D176",2
1056,246,"(C3 : Q16) x D22",2
1056,249,"S3 x (C11 : Q16)",2
1056,745,"C3 : (C11 : (C4 : Q8))",4
1056,750,"C3 : (C11 : ((C4 x C4) : C2))",4
1056,779,"C2 x D528",4
1056,781,"C2 x (C3 : (C11 : Q16))",4
1056,786,"D16 x D66",2
1056,793,"Q16 x D66",2
1056,902,"C2 x ((C3 : Q8) x D22)",4
1056,906,"C3 : (C11 : ((C2 x Q8) : C2))",2
1056,907,"C2 x (S3 x (C11 : Q8))",4
1056,916,"C2 x D24 x D22",4
1056,917,"C2 x S3 x D88",4
1056,924,"C3 : (C11 : ((C2 x C2 x C2) : (C2 x C2)))",2
1056,926,"D8 x S3 x D22",2
1056,936,"Q8 x S3 x D22",2
1056,994,"C2 x C2 x (C3 : (C11 : Q8))",8
1056,996,"C2 x C2 x D264",8
1056,998,"C2 x D8 x D66",4
1056,1001,"C2 x Q8 x D66",4
1056,1005,"C3 : (C11 : ((C2 x C2 x C2) : (C2 x C2)))",2
1056,1006,"C3 : (C11 : ((C2 x Q8) : C2))",2
1056,1015,"C2 x D22 x S4",2
1056,1022,"C2 x C2 x C2 x S3 x D22",8
1056,1027,"C2 x C2 x C2 x C2 x D66",16
1058,1,"D1058",1
1058,4,"(C23 x C23) : C2",1
1060,11,"D10 x D106",1
1060,14,"D1060",2
1062,3,"D1062",1
1062,9,"(C3 x C3) : D118",1
1064,22,"C7 : (C19 : Q8)",2
1064,24,"D1064",2
1064,31,"C2 x D14 x D38",2
1064,34,"C2 x C2 x D266",4
1066,3,"D1066",1
1068,7,"S3 x D178",1
1068,11,"D1068",2
1070,3,"D1070",1
1072,26,"D1072",2
1072,31,"C67 : Q16",2
1072,34,"D8 x D134",2
1072,36,"C2 x D536",4
1072,37,"Q8 x D134",2
1072,38,"C2 x (C67 : Q8)",4
1072,42,"C2 x C2 x C2 x D134",8
1074,3,"D1074",1
1076,4,"D1076",2
1078,3,"D1078",1
1078,9,"(C7 x C7) : D22",1
1080,25,"C27 : (C5 : Q8)",2
1080,27,"D1080",2
1080,57,"C2 x D10 x D54",2
1080,61,"C2 x C2 x D270",4
1080,233,"(C9 x C3) : (C5 : Q8)",2
1080,235,"(C9 x C3) : D40",2
1080,286,"S3 x D10 x D18",1
1080,331,"C2 x (D10 x ((C9 x C3) : C2))",2
1080,335,"C2 x S3 x D90",2
1080,336,"C2 x D30 x D18",2
1080,358,"C2 x C2 x ((C9 x C3) : D10)",4
1080,479,"(C3 x C3 x C3) : (C5 : Q8)",2
1080,481,"(C3 x C3 x C3) : D40",2
1080,536,"((C3 x C3) : C2) x S3 x D10",1
1080,539,"S3 x S3 x D30",1
1080,568,"C2 x (((C3 x C3 x C3) : C2) x D10)",2
1080,570,"C2 x (((C3 x C3) : C2) x D30)",2
1080,571,"C2 x (S3 x ((C15 x C3) : C2))",2
1080,582,"C2 x C2 x ((C3 x C3 x C3) : D10)",4
1082,1,"D1082",1
1084,3,"D1084",2
1086,5,"D1086",1
1088,385,"D1088",2
1088,390,"C17 : Q64",2
1088,926,"C17 : (((C4 x C4) : C2) : C2)",4
1088,929,"C17 : (C4 : Q16)",4
1088,954,"C17 : (C8 : Q8)",4
1088,968,"D32 x D34",2
1088,970,"C2 x D544",4
1088,975,"Q32 x D34",2
1088,977,"C2 x (C17 : Q32)",4
1088,1033,"((C2 x C2 x C2 x C2) : C2) x D34",4
1088,1087,"((C4 x C4) : C2) x D34",4
1088,1089,"C2 x (C17 : ((C4 x C4) : C2))",8
1088,1090,"(C4 : Q8) x D34",4
1088,1093,"C2 x (C17 : (C4 : Q8))",8
1088,1185,"D8 x D136",4
1088,1215,"D8 x (C17 : Q8)",4
1088,1216,"Q8 x D136",4
1088,1280,"Q8 x (C17 : Q8)",4
1088,1317,"C2 x D16 x D34",4
1088,1319,"C2 x C2 x D272",8
1088,1324,"C2 x Q16 x D34",4
1088,1326,"C2 x C2 x (C17 : Q16)",8
1088,1351,"C17 : ((C2 x D16) : C2)",2
1088,1354,"C17 : ((C2 x D16) : C2)",2
1088,1363,"C17 : ((C2 x Q16) : C2)",2
1088,1366,"C17 : ((C2 x Q16) : C2)",2
1088,1369,"C2 x C2 x D8 x D34",8
1088,1371,"C2 x C2 x C2 x D136",16
1088,1372,"C2 x C2 x Q8 x D34",8
1088,1373,"C2 x C2 x C2 x (C17 : Q8)",16
1088,1378,"((C2 x C2 x C2) : (C2 x C2)) x D34",2
1088,1380,"C2 x (C17 : ((C2 x C2 x C2) : (C2 x C2)))",4
1088,1381,"((C2 x Q8) : C2) x D34",2
1088,1382,"C2 x (C17 : ((C2 x Q8) : C2))",4
1088,1387,"C2 x C2 x C2 x C2 x C2 x D34",32
1090,3,"D1090",1
1092,56,"D42 x D26",1
1092,58,"D14 x D78",1
1092,59,"S3 x D182",1
1092,76,"D1092",2
1094,1,"D1094",1
1096,10,"D1096",2
1096,11,"C137 : Q8",2
1096,12,"C2 x C2 x D274",4
1098,5,"D1098",1
1098,15,"(C3 x C3) : D122",1
1100,11,"D22 x D50",1
1100,14,"D1100",2
1100,42,"((C5 x C5) : C2) x D22",1
1100,44,"D10 x D110",1
1100,50,"C2 x ((C5 x C5) : D22)",2
1102,3,"D1102",1
1104,66,"D1104",2
1104,67,"C3 : (C23 : Q16)",2
1104,96,"(C3 : Q8) x D46",2
1104,99,"S3 x (C23 : Q8)",2
1104,107,"D24 x D46",2
1104,108,"S3 x D184",2
1104,146,"C2 x (C3 : (C23 : Q8))",4
1104,148,"C2 x D552",4
1104,150,"D8 x D138",2
1104,152,"Q8 x D138",2
1104,160,"D46 x S4",1
1104,164,"C2 x C2 x S3 x D46",4
1104,169,"C2 x C2 x C2 x D138",8
1106,3,"D1106",1
1108,4,"D1108",2
1110,11,"D1110",1
1112,10,"D1112",2
1112,11,"C139 : Q8",2
1112,12,"C2 x C2 x D278",4
1114,1,"D1114",1
1116,8,"D62 x D18",1
1116,14,"D1116",2
1116,34,"((C3 x C3) : C2) x D62",1
1116,36,"S3 x D186",1
1116,45,"C2 x ((C3 x C3) : D62)",2
1118,3,"D1118",1
1120,159,"D1120",2
1120,160,"C5 : (C7 : Q32)",2
1120,302,"D80 x D14",2
1120,307,"D10 x D112",2
1120,313,"(C5 : Q16) x D14",2
1120,316,"D10 x (C7 : Q16)",2
1120,805,"C5 : (C7 : (C4 : Q8))",4
1120,810,"C5 : (C7 : ((C4 x C4) : C2))",4
1120,839,"C2 x D560",4
1120,841,"C2 x (C5 : (C7 : Q16))",4
1120,846,"D16 x D70",2
1120,853,"Q16 x D70",2
1120,974,"C2 x ((C5 : Q8) x D14)",4
1120,978,"C5 : (C7 : ((C2 x Q8) : C2))",2
1120,979,"C2 x (D10 x (C7 : Q8))",4
1120,988,"C2 x D40 x D14",4
1120,989,"C2 x D10 x D56",4
1120,996,"C5 : (C7 : ((C2 x C2 x C2) : (C2 x C2)))",2
1120,998,"D8 x D10 x D14",2
1120,1008,"Q8 x D10 x D14",2
1120,1057,"C2 x C2 x (C5 : (C7 : Q8))",8
1120,1059,"C2 x C2 x D280",8
1120,1061,"C2 x D8 x D70",4
1120,1064,"C2 x Q8 x D70",4
1120,1068,"C5 : (C7 : ((C2 x C2 x C2) : (C2 x C2)))",2
1120,1069,"C5 : (C7 : ((C2 x Q8) : C2))",2
1120,1088,"C2 x C2 x C2 x D10 x D14",8
1120,1091,"C2 x C2 x C2 x C2 x D70",16
1122,7,"D1122",1
1124,4,"D1124",2
1126,1,"D1126",1
1128,23,"C3 : (C47 : Q8)",2
1128,25,"D1128",2
1128,34,"C2 x S3 x D94",2
1128,38,"C2 x C2 x D282",4
1130,3,"D1130",1
1132,3,"D1132",2
1134,5,"D1134",1
1134,121,"(C9 x C9) : D14",1
1134,123,"(C27 x C3) : D14",1
1134,231,"(C9 x C3 x C3) : D14",1
1134,253,"(C3 x C3 x C3 x C3) : D14",1
1136,26,"D1136",2
1136,31,"C71 : Q16",2
1136,34,"D8 x D142",2
1136,36,"C2 x D568",4
1136,37,"Q8 x D142",2
1136,38,"C2 x (C71 : Q8)",4
1136,42,"C2 x C2 x C2 x D142",8
1138,1,"D1138",1
1140,26,"D30 x D38",1
1140,28,"D10 x D114",1
1140,29,"S3 x D190",1
1140,40,"D1140",2
1142,1,"D1142",1
1144,24,"C11 : (C13 : Q8)",2
1144,26,"D1144",2
1144,35,"C2 x D22 x D26",2
1144,38,"C2 x C2 x D286",4
1146,3,"D1146",1
1148,7,"D14 x D82",1
1148,10,"D1148",2
1150,3,"D1150",1
1150,9,"(C5 x C5) : D46",1
1152,7120,"D1152",2
1152,7121,"(C3 x C3) : D128",2
1152,7142,"C9 : Q128",2
1152,7143,"(C3 x C3) : Q128",2
1152,16598,"C9 : ((((C4 x C4) : C2) : C2) : C2)",4
1152,16599,"(C3 x C3) : ((((C4 x C4) : C2) : C2) : C2)",4
1152,16611,"C9 : (C8 : Q16)",4
1152,16612,"(C3 x C3) : (C8 : Q16)",4
1152,34211,"C9 : (((C2 x D16) : C2) : C2)",4
1152,34212,"(C3 x C3) : (((C2 x D16) : C2) : C2)",4
1152,34229,"C9 : (C4 : Q32)",4
1152,34230,"(C3 x C3) : (C4 : Q32)",4
1152,34365,"C9 : (C16 : Q8)",4
1152,34366,"(C3 x C3) : (C16 : Q8)",4
1152,34504,"D64 x D18",2
1152,34505,"D64 x ((C3 x C3) : C2)",2
1152,34510,"C2 x D576",4
1152,34511,"C2 x ((C3 x C3) : D64)",4
1152,34517,"D192 x S3",2
1152,34544,"Q64 x D18",2
1152,34545,"Q64 x ((C3 x C3) : C2)",2
1152,34550,"C2 x (C9 : Q64)",4
1152,34551,"C2 x ((C3 x C3) : Q64)",4
1152,34557,"(C3 : Q64) x S3",2
1152,91080,"C9 : ((C2 x ((C4 x C4) : C2)) : C2)",8
1152,91081,"(C3 x C3) : ((C2 x ((C4 x C4) : C2)) : C2)",8
1152,91093,"C9 : ((C4 x C4) : Q8)",8
1152,91094,"(C3 x C3) : ((C4 x C4) : Q8)",8
1152,98765,"(((C4 x C4) : C2) : C2) x D18",2
1152,98766,"(((C4 x C4) : C2) : C2) x ((C3 x C3) : C2)",2
1152,98903,"((C4 : Q8) : C2) x D18",2
1152,98904,"((C4 : Q8) : C2) x ((C3 x C3) : C2)",2
1152,99252,"(((C2 x C2 x C2 x C2) : C2) : C2) x D18",2
1152,99253,"(((C2 x C2 x C2 x C2) : C2) : C2) x ((C3 x C3) : C2)",2
1152,108183,"(((C4 x C4) : C2) : C2) x D18",4
1152,108184,"(((C4 x C4) : C2) : C2) x ((C3 x C3) : C2)",4
1152,108192,"C2 x (C9 : (((C4 x C4) : C2) : C2))",8
1152,108193,"C2 x ((C3 x C3) : (((C4 x C4) : C2) : C2))",8
1152,108199,"(C3 : (((C4 x C4) : C2) : C2)) x S3",4
1152,108210,"(C4 : Q16) x D18",4
1152,108211,"(C4 : Q16) x ((C3 x C3) : C2)",4
1152,108219,"C2 x (C9 : (C4 : Q16))",8
1152,108220,"C2 x ((C3 x C3) : (C4 : Q16))",8
1152,108226,"(C3 : (C4 : Q16)) x S3",4
1152,108947,"(C8 : Q8) x D18",4
1152,108948,"(C8 : Q8) x ((C3 x C3) : C2)",4
1152,108956,"C2 x (C9 : (C8 : Q8))",8
1152,108957,"C2 x ((C3 x C3) : (C8 : Q8))",8
1152,108963,"(C3 : (C8 : Q8)) x S3",4
1152,119743,"D16 x D72",4
1152,119744,"D16 x ((C12 x C3) : C2)",4
1152,119746,"D8 x D144",4
1152,119747,"D8 x ((C3 x C3) : D16)",4
1152,119787,"D48 x D24",4
1152,119790,"D16 x ((S3 x S3) : C2)",2
1152,120447,"Q16 x D72",4
1152,120448,"Q16 x ((C12 x C3) : C2)",4
1152,120450,"D8 x (C9 : Q16)",4
1152,120451,"D8 x ((C3 x C3) : Q16)",4
1152,120491,"(C3 : Q16) x D24",4
1152,120494,"Q16 x ((S3 x S3) : C2)",2
1152,120496,"D8 x ((C3 x C3) : Q16)",4
1152,120914,"C9 : (((C8 : (C2 x C2)) : C2) : C2)",2
1152,120915,"(C3 x C3) : (((C8 : (C2 x C2)) : C2) : C2)",2
1152,120939,"(C3 x C3) : (((C8 : (C2 x C2)) : C2) : C2)",2
1152,120942,"(C3 x C3) : (((C8 : (C2 x C2)) : C2) : C2)",2
1152,120955,"C9 : ((((C2 x Q8) : C2) : C2) : C2)",2
1152,120956,"(C3 x C3) : ((((C2 x Q8) : C2) : C2) : C2)",2
1152,120980,"(C3 x C3) : ((((C2 x Q8) : C2) : C2) : C2)",2
1152,120982,"(C3 x C3) : ((((C2 x Q8) : C2) : C2) : C2)",2
1152,131150,"D16 x (C9 : Q8)",4
1152,131151,"D16 x ((C3 x C3) : Q8)",4
1152,131153,"Q8 x D144",4
1152,131154,"Q8 x ((C3 x C3) : D16)",4
1152,131166,"(C3 : Q8) x D48",4
1152,131415,"Q16 x (C9 : Q8)",4
1152,131416,"Q16 x ((C3 x C3) : Q8)",4
1152,131418,"Q8 x (C9 : Q16)",4
1152,131419,"Q8 x ((C3 x C3) : Q16)",4
1152,131431,"(C3 : Q8) x (C3 : Q16)",4
1152,131441,"Q8 x ((C3 x C3) : Q16)",4
1152,133439,"C2 x D32 x D18",4
1152,133440,"C2 x (D32 x ((C3 x C3) : C2))",4
1152,133445,"C2 x C2 x D288",8
1152,133446,"C2 x C2 x ((C3 x C3) : D32)",8
1152,133448,"D32 x S3 x S3",2
1152,133451,"C2 x D96 x S3",4
1152,133481,"C2 x Q32 x D18",4
1152,133482,"C2 x (Q32 x ((C3 x C3) : C2))",4
1152,133487,"C2 x C2 x (C9 : Q32)",8
1152,133488,"C2 x C2 x ((C3 x C3) : Q32)",8
1152,133490,"Q32 x S3 x S3",2
1152,133493,"C2 x ((C3 : Q32) x S3)",4
1152,133675,"C9 : ((C2 x D32) : C2)",2
1152,133676,"(C3 x C3) : ((C2 x D32) : C2)",2
1152,133684,"C9 : ((C2 x D32) : C2)",2
1152,133685,"(C3 x C3) : ((C2 x D32) : C2)",2
1152,133696,"(C3 x C3) : ((C2 x D32) : C2)",2
1152,133766,"C9 : ((C2 x Q32) : C2)",2
1152,133767,"(C3 x C3) : ((C2 x Q32) : C2)",2
1152,133775,"C9 : ((C2 x Q32) : C2)",2
1152,133776,"(C3 x C3) : ((C2 x Q32) : C2)",2
1152,133787,"(C3 x C3) : ((C2 x Q32) : C2)",2
1152,134249,"C2 x (((C2 x C2 x C2 x C2) : C2) x D18)",8
1152,134250,"C2 x (((C2 x C2 x C2 x C2) : C2) x ((C3 x C3) : C2))",8
1152,134261,"((C2 x C2 x C2 x C2) : C2) x S3 x S3",4
1152,134701,"C2 x (((C4 x C4) : C2) x D18)",8
1152,134702,"C2 x (((C4 x C4) : C2) x ((C3 x C3) : C2))",8
1152,134707,"C2 x C2 x (C9 : ((C4 x C4) : C2))",16
1152,134708,"C2 x C2 x ((C3 x C3) : ((C4 x C4) : C2))",16
1152,134710,"((C4 x C4) : C2) x S3 x S3",4
1152,134713,"C2 x ((C3 : ((C4 x C4) : C2)) x S3)",8
1152,134719,"C2 x ((C4 : Q8) x D18)",8
1152,134720,"C2 x ((C4 : Q8) x ((C3 x C3) : C2))",8
1152,134728,"C2 x C2 x (C9 : (C4 : Q8))",16
1152,134729,"C2 x C2 x ((C3 x C3) : (C4 : Q8))",16
1152,134731,"(C4 : Q8) x S3 x S3",4
1152,134736,"C2 x ((C3 : (C4 : Q8)) x S3)",8
1152,136318,"D8 x D8 x D18",4
1152,136319,"D8 x D8 x ((C3 x C3) : C2)",4
1152,136333,"C2 x D8 x D72",8
1152,136334,"C2 x (D8 x ((C12 x C3) : C2))",8
1152,136342,"D8 x D24 x S3",4
1152,136366,"C2 x D24 x D24",8
1152,136369,"C2 x (D8 x ((S3 x S3) : C2))",4
1152,136649,"Q8 x D8 x D18",4
1152,136650,"Q8 x D8 x ((C3 x C3) : C2)",4
1152,136661,"C2 x (D8 x (C9 : Q8))",8
1152,136662,"C2 x (D8 x ((C3 x C3) : Q8))",8
1152,136664,"C2 x Q8 x D72",8
1152,136665,"C2 x (Q8 x ((C12 x C3) : C2))",8
1152,136669,"D8 x (C3 : Q8) x S3",4
1152,136673,"Q8 x D24 x S3",4
1152,136687,"C2 x ((C3 : Q8) x D24)",8
1152,136697,"C2 x (Q8 x ((S3 x S3) : C2))",4
1152,137723,"Q8 x Q8 x D18",4
1152,137724,"Q8 x Q8 x ((C3 x C3) : C2)",4
1152,137729,"C2 x (Q8 x (C9 : Q8))",8
1152,137730,"C2 x (Q8 x ((C3 x C3) : Q8))",8
1152,137734,"Q8 x (C3 : Q8) x S3",4
1152,137739,"C2 x ((C3 : Q8) x (C3 : Q8))",8
1152,138293,"C9 : ((C2 x ((C2 x C2 x C2 x C2) : C2)) : C2)",4
1152,138294,"(C3 x C3) : ((C2 x ((C2 x C2 x C2 x C2) : C2)) : C2)",4
1152,138473,"C9 : (((C2 x ((C4 x C2) : C2)) : C2) : C2)",4
1152,138474,"(C3 x C3) : (((C2 x ((C4 x C2) : C2)) : C2) : C2)",4
1152,139945,"C9 : (((C2 x ((C4 x C2) : C2)) : C2) : C2)",4
1152,139946,"(C3 x C3) : (((C2 x ((C4 x C2) : C2)) : C2) : C2)",4
1152,139960,"C9 : (((C2 x ((C4 x C2) : C2)) : C2) : C2)",4
1152,139961,"(C3 x C3) : (((C2 x ((C4 x C2) : C2)) : C2) : C2)",4
1152,139989,"(C3 x C3) : (((C2 x ((C4 x C2) : C2)) : C2) : C2)",4
1152,140010,"C9 : (((C2 x ((C4 x C2) : C2)) : C2) : C2)",4
1152,140011,"(C3 x C3) : (((C2 x ((C4 x C2) : C2)) : C2) : C2)",4
1152,140025,"C9 : (((C2 x ((C4 x C2) : C2)) : C2) : C2)",4
1152,140026,"(C3 x C3) : (((C2 x ((C4 x C2) : C2)) : C2) : C2)",4
1152,140054,"(C3 x C3) : (((C2 x ((C4 x C2) : C2)) : C2) : C2)",4
1152,140324,"C9 : (((C4 : Q8) : C2) : C2)",4
1152,140325,"(C3 x C3) : (((C4 : Q8) : C2) : C2)",4
1152,140345,"C9 : (((C4 : Q8) : C2) : C2)",4
1152,140346,"(C3 x C3) : (((C4 : Q8) : C2) : C2)",4
1152,140382,"(C3 x C3) : (((C4 : Q8) : C2) : C2)",4
1152,152539,"C2 x C2 x D16 x D18",8
1152,152540,"C2 x C2 x (D16 x ((C3 x C3) : C2))",8
1152,152545,"C2 x C2 x C2 x D144",16
1152,152546,"C2 x C2 x C2 x ((C3 x C3) : D16)",16
1152,152548,"C2 x D16 x S3 x S3",4
1152,152551,"C2 x C2 x D48 x S3",8
1152,152582,"C2 x C2 x Q16 x D18",8
1152,152583,"C2 x C2 x (Q16 x ((C3 x C3) : C2))",8
1152,152588,"C2 x C2 x C2 x (C9 : Q16)",16
1152,152589,"C2 x C2 x C2 x ((C3 x C3) : Q16)",16
1152,152591,"C2 x Q16 x S3 x S3",4
1152,152594,"C2 x C2 x ((C3 : Q16) x S3)",8
1152,152598,"C2 x C2 x C2 x ((C3 x C3) : Q16)",16
1152,152790,"((C2 x D16) : C2) x D18",2
1152,152791,"((C2 x D16) : C2) x ((C3 x C3) : C2)",2
1152,152796,"C2 x (C9 : ((C2 x D16) : C2))",4
1152,152797,"C2 x ((C3 x C3) : ((C2 x D16) : C2))",4
1152,152805,"C2 x (C9 : ((C2 x D16) : C2))",4
1152,152806,"C2 x ((C3 x C3) : ((C2 x D16) : C2))",4
1152,152812,"(C3 : ((C2 x D16) : C2)) x S3",2
1152,152816,"(C3 : ((C2 x D16) : C2)) x S3",2
1152,152827,"C2 x ((C3 x C3) : ((C2 x D16) : C2))",4
1152,152839,"C2 x ((C3 x C3) : ((C2 x D16) : C2))",4
1152,152913,"((C2 x Q16) : C2) x D18",2
1152,152914,"((C2 x Q16) : C2) x ((C3 x C3) : C2)",2
1152,152919,"C2 x (C9 : ((C2 x Q16) : C2))",4
1152,152920,"C2 x ((C3 x C3) : ((C2 x Q16) : C2))",4
1152,152928,"C2 x (C9 : ((C2 x Q16) : C2))",4
1152,152929,"C2 x ((C3 x C3) : ((C2 x Q16) : C2))",4
1152,152935,"(C3 : ((C2 x Q16) : C2)) x S3",2
1152,152939,"(C3 : ((C2 x Q16) : C2)) x S3",2
1152,152950,"C2 x ((C3 x C3) : ((C2 x Q16) : C2))",4
1152,152961,"C2 x ((C3 x C3) : ((C2 x Q16) : C2))",4
1152,153166,"C2 x C2 x C2 x D8 x D18",16
1152,153167,"C2 x C2 x C2 x (D8 x ((C3 x C3) : C2))",16
1152,153172,"C2 x C2 x C2 x C2 x D72",32
1152,153173,"C2 x C2 x C2 x C2 x ((C12 x C3) : C2)",32
1152,153175,"C2 x C2 x D8 x S3 x S3",8
1152,153178,"C2 x C2 x C2 x D24 x S3",16
1152,153182,"C2 x C2 x C2 x C2 x ((S3 x S3) : C2)",16
1152,153183,"C2 x C2 x C2 x Q8 x D18",16
1152,153184,"C2 x C2 x C2 x (Q8 x ((C3 x C3) : C2))",16
1152,153186,"C2 x C2 x C2 x C2 x (C9 : Q8)",32
1152,153187,"C2 x C2 x C2 x C2 x ((C3 x C3) : Q8)",32
1152,153189,"C2 x C2 x Q8 x S3 x S3",8
1152,153190,"C2 x C2 x C2 x ((C3 : Q8) x S3)",16
1152,153219,"C2 x (((C2 x C2 x C2) : (C2 x C2)) x D18)",4
1152,153220,"C2 x (((C2 x C2 x C2) : (C2 x C2)) x ((C3 x C3) : C2))",4
1152,153225,"C2 x C2 x (C9 : ((C2 x C2 x C2) : (C2 x C2)))",8
1152,153226,"C2 x C2 x ((C3 x C3) : ((C2 x C2 x C2) : (C2 x C2)))",8
1152,153228,"((C2 x C2 x C2) : (C2 x C2)) x S3 x S3",2
1152,153231,"C2 x ((C3 : ((C2 x C2 x C2) : (C2 x C2))) x S3)",4
1152,153237,"C2 x C2 x ((C3 x C3) : ((C2 x C2 x C2) : (C2 x C2)))",8
1152,153239,"C2 x (((C2 x Q8) : C2) x D18)",4
1152,153240,"C2 x (((C2 x Q8) : C2) x ((C3 x C3) : C2))",4
1152,153242,"C2 x C2 x (C9 : ((C2 x Q8) : C2))",8
1152,153243,"C2 x C2 x ((C3 x C3) : ((C2 x Q8) : C2))",8
1152,153248,"((C2 x Q8) : C2) x S3 x S3",2
1152,153249,"C2 x ((C3 : ((C2 x Q8) : C2)) x S3)",4
1152,153255,"C2 x C2 x ((C3 x C3) : ((C2 x Q8) : C2))",8
1152,153288,"C9 : ((C2 x ((C2 x C2 x C2) : (C2 x C2))) : C2)",2
1152,153289,"(C3 x C3) : ((C2 x ((C2 x C2 x C2) : (C2 x C2))) : C2)",2
1152,153295,"(C3 x C3) : ((C2 x ((C2 x C2 x C2) : (C2 x C2))) : C2)",2
1152,153300,"C9 : ((C2 x ((C2 x Q8) : C2)) : C2)",2
1152,153301,"(C3 x C3) : ((C2 x ((C2 x Q8) : C2)) : C2)",2
1152,153307,"(C3 x C3) : ((C2 x ((C2 x Q8) : C2)) : C2)",2
1152,153309,"C2 x C2 x C2 x C2 x C2 x C2 x D18",64
1152,153310,"C2 x C2 x C2 x C2 x C2 x C2 x ((C3 x C3) : C2)",64
1152,153312,"C2 x C2 x C2 x C2 x C2 x S3 x S3",32
1152,155790,"S3 x ((((C2 x C2 x C2 x C2) : C2) : C3) : C2)",1
1152,155791,"S3 x ((((C4 x C4) : C2) : C3) : C2)",1
1152,155812,"D48 x S4",2
1152,155824,"(C3 : Q16) x S4",2
1152,157535,"C2 x ((C3 : Q8) x S4)",4
1152,157550,"C2 x D24 x S4",4
1152,157559,"D8 x S3 x S4",2
1152,157583,"Q8 x S3 x S4",2
1152,157594,"C2 x (S3 x ((C2 . S4 = SL(2;3) . C2) : C2))",4
1152,157598,"(((C3 x (((C4 x C2) : C2) : C3)) : C2) : C2) : C2",2
1152,157603,"C2 x (S3 x ((((C4 x C2) : C2) : C3) : C2))",4
1152,157611,"(((C3 x (((C4 x C2) : C2) : C3)) : C2) : C2) : C2",2
1152,157851,"C2 x S4 x S4",2
1152,157853,"((C2 x C2 x C2 x C2 x C2 x C2) : C9) : C2",1
1152,157863,"C2 x C2 x C2 x S3 x S4",8
1154,1,"D1154",1
1156,4,"D1156",2
1156,13,"D34 x D34",1
1156,15,"C2 x ((C17 x C17) : C2)",2
1158,5,"D1158",1
1160,28,"C5 : (C29 : Q8)",2
1160,30,"D1160",2
1160,45,"C2 x D10 x D58",2
1160,48,"C2 x C2 x D290",4
1162,3,"D1162",1
1164,11,"S3 x D194",1
1164,17,"D1164",2
1166,3,"D1166",1
1168,26,"D1168",2
1168,31,"C73 : Q16",2
1168,34,"D8 x D146",2
1168,36,"C2 x D584",4
1168,37,"Q8 x D146",2
1168,38,"C2 x (C73 : Q8)",4
1168,42,"C2 x C2 x C2 x D146",8
1170,11,"D1170",1
1170,31,"(C3 x C3) : D130",1
1172,4,"D1172",2
1174,1,"D1174",1
1176,34,"C3 : (C49 : Q8)",2
1176,36,"D1176",2
1176,49,"C2 x S3 x D98",2
1176,55,"C2 x C2 x D294",4
1176,204,"C3 : ((C7 x C7) : Q8)",2
1176,206,"C3 : ((C7 x C7) : D8)",2
1176,237,"S3 x D14 x D14",1
1176,264,"C2 x (S3 x ((C7 x C7) : C2))",2
1176,265,"C2 x D42 x D14",2
1176,278,"C2 x C2 x (C3 : ((C7 x C7) : C2))",4
1178,3,"D1178",1
1180,7,"D10 x D118",1
1180,10,"D1180",2
1182,3,"D1182",1
1184,88,"D1184",2
1184,93,"C37 : Q32",2
1184,143,"C37 : ((C4 x C4) : C2)",4
1184,146,"C37 : (C4 : Q8)",4
1184,155,"D16 x D74",2
1184,157,"C2 x D592",4
1184,162,"Q16 x D74",2
1184,164,"C2 x (C37 : Q16)",4
1184,182,"C2 x D8 x D74",4
1184,184,"C2 x C2 x D296",8
1184,185,"C2 x Q8 x D74",4
1184,186,"C2 x C2 x (C37 : Q8)",8
1184,192,"C37 : ((C2 x C2 x C2) : (C2 x C2))",2
1184,193,"C37 : ((C2 x Q8) : C2)",2
1184,195,"C2 x C2 x C2 x C2 x D74",16
1186,1,"D1186",1
1188,5,"D22 x D54",1
1188,9,"D1188",2
1188,35,"D22 x ((C9 x C3) : C2)",1
1188,39,"S3 x D198",1
1188,40,"D66 x D18",1
1188,62,"C2 x ((C9 x C3) : D22)",2
1188,84,"((C3 x C3 x C3) : C2) x D22",1
1188,86,"S3 x ((C3 x C3) : D22)",1
1188,87,"((C3 x C3) : C2) x D66",1
1188,98,"C2 x ((C3 x C3 x C3) : D22)",2
1190,7,"D1190",1
1192,10,"D1192",2
1192,11,"C149 : Q8",2
1192,12,"C2 x C2 x D298",4
1194,5,"D1194",1
1196,7,"D26 x D46",1
1196,10,"D1196",2
1198,1,"D1198",1
1200,65,"C3 : (C25 : Q16)",2
1200,69,"D1200",2
1200,119,"(C3 : Q8) x D50",2
1200,125,"S3 x (C25 : Q8)",2
1200,130,"D24 x D50",2
1200,131,"S3 x D200",2
1200,169,"C2 x (C3 : (C25 : Q8))",4
1200,171,"C2 x D600",4
1200,173,"D8 x D150",2
1200,175,"Q8 x D150",2
1200,195,"D50 x S4",1
1200,203,"C2 x C2 x S3 x D50",4
1200,208,"C2 x C2 x C2 x D150",8
1200,452,"C3 : ((C5 x C5) : D16)",2
1200,453,"C3 : ((C5 x C5) : Q16)",2
1200,515,"C2 x ((C5 x C5) : (C3 : Q8))",4
1200,803,"(C3 : Q8) x ((C5 x C5) : C2)",2
1200,806,"S3 x ((C5 x C5) : Q8)",2
1200,814,"D24 x ((C5 x C5) : C2)",2
1200,815,"S3 x ((C5 x C5) : D8)",2
1200,830,"D30 x (C5 : Q8)",2
1200,833,"(C3 : (C5 : Q8)) x D10",2
1200,841,"D30 x D40",2
1200,842,"D120 x D10",2
1200,925,"C2 x (C3 : ((C5 x C5) : Q8))",4
1200,927,"C2 x (C3 : ((C5 x C5) : D8))",4
1200,929,"D8 x (C3 : ((C5 x C5) : C2))",2
1200,931,"Q8 x (C3 : ((C5 x C5) : C2))",2
1200,980,"C2 x C2 x ((C5 x C5) : D12)",4
1200,982,"((C5 x C5) : C2) x S4",1
1200,1006,"C2 x S3 x D10 x D10",2
1200,1027,"C2 x C2 x (S3 x ((C5 x C5) : C2))",4
1200,1028,"C2 x C2 x D30 x D10",4
1200,1039,"C2 x C2 x C2 x (C3 : ((C5 x C5) : C2))",8
1202,1,"D1202",1
1204,9,"D14 x D86",1
1204,12,"D1204",2
1206,5,"D1206",1
1206,15,"(C3 x C3) : D134",1
1208,10,"D1208",2
1208,11,"C151 : Q8",2
1208,12,"C2 x C2 x D302",4
1210,5,"D1210",1
1210,26,"C5 : ((C11 x C11) : C2)",1
1212,7,"S3 x D202",1
1212,11,"D1212",2
1214,1,"D1214",1
1216,385,"D1216",2
1216,390,"C19 : Q64",2
1216,926,"C19 : (((C4 x C4) : C2) : C2)",4
1216,929,"C19 : (C4 : Q16)",4
1216,954,"C19 : (C8 : Q8)",4
1216,968,"D32 x D38",2
1216,970,"C2 x D608",4
1216,975,"Q32 x D38",2
1216,977,"C2 x (C19 : Q32)",4
1216,1033,"((C2 x C2 x C2 x C2) : C2) x D38",4
1216,1087,"((C4 x C4) : C2) x D38",4
1216,1089,"C2 x (C19 : ((C4 x C4) : C2))",8
1216,1090,"(C4 : Q8) x D38",4
1216,1093,"C2 x (C19 : (C4 : Q8))",8
1216,1185,"D8 x D152",4
1216,1215,"D8 x (C19 : Q8)",4
1216,1216,"Q8 x D152",4
1216,1280,"Q8 x (C19 : Q8)",4
1216,1317,"C2 x D16 x D38",4
1216,1319,"C2 x C2 x D304",8
1216,1324,"C2 x Q16 x D38",4
1216,1326,"C2 x C2 x (C19 : Q16)",8
1216,1351,"C19 : ((C2 x D16) : C2)",2
1216,1354,"C19 : ((C2 x D16) : C2)",2
1216,1363,"C19 : ((C2 x Q16) : C2)",2
1216,1366,"C19 : ((C2 x Q16) : C2)",2
1216,1369,"C2 x C2 x D8 x D38",8
1216,1371,"C2 x C2 x C2 x D152",16
1216,1372,"C2 x C2 x Q8 x D38",8
1216,1373,"C2 x C2 x C2 x (C19 : Q8)",16
1216,1378,"((C2 x C2 x C2) : (C2 x C2)) x D38",2
1216,1380,"C2 x (C19 : ((C2 x C2 x C2) : (C2 x C2)))",4
1216,1381,"((C2 x Q8) : C2) x D38",2
1216,1382,"C2 x (C19 : ((C2 x Q8) : C2))",4
1216,1387,"C2 x C2 x C2 x C2 x C2 x D38",32
1218,15,"D1218",1
1220,16,"D10 x D122",1
1220,19,"D1220",2
1222,3,"D1222",1
1224,25,"C9 : (C17 : Q8)",2
1224,27,"D1224",2
1224,47,"C2 x D34 x D18",2
1224,51,"C2 x C2 x D306",4
1224,111,"(C3 x C3) : (C17 : Q8)",2
1224,113,"(C3 x C3) : D136",2
1224,139,"S3 x S3 x D34",1
1224,154,"C2 x (((C3 x C3) : C2) x D34)",2
1224,156,"C2 x S3 x D102",2
1224,163,"C2 x C2 x ((C3 x C3) : D34)",4
1226,1,"D1226",1
1228,3,"D1228",2
1230,11,"D1230",1
1232,65,"D1232",2
1232,66,"C7 : (C11 : Q16)",2
1232,86,"(C7 : Q8) x D22",2
1232,89,"D14 x (C11 : Q8)",2
1232,97,"D56 x D22",2
1232,98,"D14 x D88",2
1232,133,"C2 x (C7 : (C11 : Q8))",4
1232,135,"C2 x D616",4
1232,137,"D8 x D154",2
1232,139,"Q8 x D154",2
1232,149,"C2 x C2 x D14 x D22",4
1232,152,"C2 x C2 x C2 x D154",8
1234,1,"D1234",1
1236,8,"S3 x D206",1
1236,14,"D1236",2
1238,1,"D1238",1
1240,34,"C5 : (C31 : Q8)",2
1240,36,"D1240",2
1240,47,"C2 x D10 x D62",2
1240,50,"C2 x C2 x D310",4
1242,3,"D1242",1
1242,18,"(C9 x C3) : D46",1
1242,29,"(C3 x C3 x C3) : D46",1
1244,3,"D1244",2
1246,3,"D1246",1
1248,224,"D1248",2
1248,225,"C3 : (C13 : Q32)",2
1248,501,"D48 x D26",2
1248,506,"S3 x D208",2
1248,512,"(C3 : Q16) x D26",2
1248,515,"S3 x (C13 : Q16)",2
1248,1043,"C3 : (C13 : (C4 : Q8))",4
1248,1048,"C3 : (C13 : ((C4 x C4) : C2))",4
1248,1077,"C2 x D624",4
1248,1079,"C2 x (C3 : (C13 : Q16))",4
1248,1084,"D16 x D78",2
1248,1091,"Q16 x D78",2
1248,1305,"C2 x ((C3 : Q8) x D26)",4
1248,1309,"C3 : (C13 : ((C2 x Q8) : C2))",2
1248,1310,"C2 x (S3 x (C13 : Q8))",4
1248,1319,"C2 x D24 x D26",4
1248,1320,"C2 x S3 x D104",4
1248,1327,"C3 : (C13 : ((C2 x C2 x C2) : (C2 x C2)))",2
1248,1329,"D8 x S3 x D26",2
1248,1339,"Q8 x S3 x D26",2
1248,1412,"C2 x C2 x (C3 : (C13 : Q8))",8
1248,1414,"C2 x C2 x D312",8
1248,1416,"C2 x D8 x D78",4
1248,1419,"C2 x Q8 x D78",4
1248,1423,"C3 : (C13 : ((C2 x C2 x C2) : (C2 x C2)))",2
1248,1424,"C3 : (C13 : ((C2 x Q8) : C2))",2
1248,1438,"C2 x D26 x S4",2
1248,1451,"C2 x C2 x C2 x S3 x D26",8
1248,1459,"C2 x C2 x C2 x C2 x D78",16
1250,16,"D1250",1
1250,18,"(C25 x C25) : C2",1
1250,25,"(C125 x C5) : C2",1
1250,39,"(C25 x C5 x C5) : C2",1
1250,54,"(C5 x C5 x C5 x C5) : C2",1
1252,4,"D1252",2
1254,11,"D1254",1
1256,10,"D1256",2
1256,11,"C157 : Q8",2
1256,12,"C2 x C2 x D314",4
1258,3,"D1258",1
1260,25,"D14 x D90",1
1260,27,"D10 x D126",1
1260,28,"D70 x D18",1
1260,39,"D1260",2
1260,102,"((C15 x C3) : C2) x D14",1
1260,104,"D10 x ((C3 x C3) : D14)",1
1260,105,"((C3 x C3) : C2) x D70",1
1260,111,"D30 x D42",1
1260,112,"S3 x D210",1
1260,130,"C2 x ((C3 x C3) : D70)",2
1262,1,"D1262",1
1264,26,"D1264",2
1264,31,"C79 : Q16",2
1264,34,"D8 x D158",2
1264,36,"C2 x D632",4
1264,37,"Q8 x D158",2
1264,38,"C2 x (C79 : Q8)",4
1264,42,"C2 x C2 x C2 x D158",8
1266,5,"D1266",1
1268,4,"D1268",2
1270,3,"D1270",1
1272,25,"C3 : (C53 : Q8)",2
1272,27,"D1272",2
1272,39,"C2 x S3 x D106",2
1272,43,"C2 x C2 x D318",4
1274,3,"D1274",1
1274,9,"(C7 x C7) : D26",1
1276,7,"D22 x D58",1
1276,10,"D1276",2
1278,3,"D1278",1
1278,9,"(C3 x C3) : D142",1
1280,57481,"D1280",2
1280,57486,"C5 : Q256",2
1280,84280,"C5 : (((((C4 x C4) : C2) : C2) : C2) : C2)",4
1280,84283,"C5 : (C8 : Q32)",4
1280,84305,"C5 : (C16 : Q16)",4
1280,90563,"C5 : (((C2 x D32) : C2) : C2)",4
1280,90566,"C5 : (C4 : Q64)",4
1280,90588,"C5 : (C32 : Q8)",4
1280,90609,"D128 x D10",2
1280,90611,"C2 x D640",4
1280,90616,"Q128 x D10",2
1280,90618,"C2 x (C5 : Q128)",4
1280,157257,"((((C4 x C4) : C2) : C2) : C2) x D10",4
1280,157259,"C2 x (C5 : ((((C4 x C4) : C2) : C2) : C2))",8
1280,157260,"(C8 : Q16) x D10",4
1280,157263,"C2 x (C5 : (C8 : Q16))",8
1280,161916,"D16 x D80",4
1280,161990,"Q16 x D80",4
1280,161991,"D16 x (C5 : Q16)",4
1280,162412,"Q16 x (C5 : Q16)",4
1280,322087,"C5 : ((C2 x (((C4 x C4) : C2) : C2)) : C2)",8
1280,322090,"C5 : ((C4 x C4) : Q16)",8
1280,322144,"C5 : ((C8 x C4) : Q8)",8
1280,323566,"((((C2 x C2 x C2) : (C2 x C2)) : C2) : C2) x D10",2
1280,323740,"((Q8 x Q8) : C2) x D10",2
1280,324950,"(((C2 x D16) : C2) : C2) x D10",4
1280,324953,"C2 x (C5 : (((C2 x D16) : C2) : C2))",8
1280,324954,"(C4 : Q32) x D10",4
1280,324957,"C2 x (C5 : (C4 : Q32))",8
1280,325042,"(C16 : Q8) x D10",4
1280,325045,"C2 x (C5 : (C16 : Q8))",8
1280,326222,"D32 x D40",4
1280,326223,"D8 x D160",4
1280,326297,"Q32 x D40",4
1280,326298,"D8 x (C5 : Q32)",4
1280,326363,"C5 : ((((C2 x D16) : C2) : C2) : C2)",2
1280,326364,"C5 : ((((C2 x D16) : C2) : C2) : C2)",2
1280,326382,"C5 : ((((C2 x Q16) : C2) : C2) : C2)",2
1280,326383,"C5 : ((((C2 x Q16) : C2) : C2) : C2)",2
1280,327431,"D32 x (C5 : Q8)",4
1280,327432,"Q8 x D160",4
1280,327462,"Q32 x (C5 : Q8)",4
1280,327463,"Q8 x (C5 : Q32)",4
1280,327682,"C2 x D64 x D10",4
1280,327684,"C2 x C2 x D320",8
1280,327689,"C2 x Q64 x D10",4
1280,327691,"C2 x C2 x (C5 : Q64)",8
1280,327716,"C5 : ((C2 x D64) : C2)",2
1280,327719,"C5 : ((C2 x D64) : C2)",2
1280,327728,"C5 : ((C2 x Q64) : C2)",2
1280,327731,"C5 : ((C2 x Q64) : C2)",2
1280,364861,"((C2 x C2 x C2 x C2) : C2) x D40",8
1280,365387,"((C4 x C4) : C2) x D40",8
1280,365388,"D8 x (C5 : ((C4 x C4) : C2))",8
1280,365398,"(C4 : Q8) x D40",8
1280,365399,"D8 x (C5 : (C4 : Q8))",8
1280,374427,"((C2 x C2 x C2 x C2) : C2) x (C5 : Q8)",8
1280,374672,"((C4 x C4) : C2) x (C5 : Q8)",8
1280,374673,"Q8 x (C5 : ((C4 x C4) : C2))",8
1280,374678,"(C4 : Q8) x (C5 : Q8)",8
1280,374680,"Q8 x (C5 : (C4 : Q8))",8
1280,375391,"((C2 x ((C2 x C2 x C2 x C2) : C2)) : C2) x D10",8
1280,375660,"((C2 x ((C4 x C4) : C2)) : C2) x D10",8
1280,375662,"C2 x (C5 : ((C2 x ((C4 x C4) : C2)) : C2))",16
1280,375663,"((C4 x C4) : Q8) x D10",8
1280,375666,"C2 x (C5 : ((C4 x C4) : Q8))",16
1280,1035966,"((C2 x C2 x D16) : C2) x D10",4
1280,1035996,"((C2 x C2 x Q16) : C2) x D10",4
1280,1036167,"C2 x ((((C4 x C4) : C2) : C2) x D10)",4
1280,1036185,"C2 x (((C4 : Q8) : C2) x D10)",4
1280,1036244,"C5 : ((C2 x (((C4 x C4) : C2) : C2)) : C2)",2
1280,1036271,"C5 : ((C2 x ((C4 : Q8) : C2)) : C2)",2
1280,1036279,"C2 x ((((C2 x C2 x C2 x C2) : C2) : C2) x D10)",4
1280,1036317,"C5 : ((C2 x (((C2 x C2 x C2 x C2) : C2) : C2)) : C2)",2
1280,1036323,"C5 : (((((C2 x C2 x C2 x C2) : C2) : C2) : C2) : C2)",2
1280,1038968,"C2 x ((((C4 x C4) : C2) : C2) x D10)",8
1280,1038971,"C2 x C2 x (C5 : (((C4 x C4) : C2) : C2))",16
1280,1038972,"C2 x ((C4 : Q16) x D10)",8
1280,1038975,"C2 x C2 x (C5 : (C4 : Q16))",16
1280,1039108,"C5 : ((C2 x (((C4 x C4) : C2) : C2)) : C2)",4
1280,1039113,"C5 : ((C2 x (((C4 x C4) : C2) : C2)) : C2)",4
1280,1039115,"C5 : ((C2 x (C4 : Q16)) : C2)",4
1280,1039120,"C5 : ((C2 x (C4 : Q16)) : C2)",4
1280,1039163,"C2 x ((C8 : Q8) x D10)",8
1280,1039166,"C2 x C2 x (C5 : (C8 : Q8))",16
1280,1039259,"C5 : ((C2 x (C8 : Q8)) : C2)",4
1280,1039264,"C5 : ((C2 x (C8 : Q8)) : C2)",4
1280,1044755,"D8 x D16 x D10",4
1280,1044762,"C2 x D16 x D40",8
1280,1044763,"C2 x D8 x D80",8
1280,1044837,"D8 x Q16 x D10",4
1280,1044844,"C2 x Q16 x D40",8
1280,1044845,"C2 x (D8 x (C5 : Q16))",8
1280,1044884,"C5 : (((C2 x (C8 : (C2 x C2))) : C2) : C2)",4
1280,1044950,"C5 : (((C2 x ((C2 x Q8) : C2)) : C2) : C2)",4
1280,1045602,"C5 : (((C2 x (C8 : (C2 x C2))) : C2) : C2)",4
1280,1045603,"C5 : (((C2 x (C8 : (C2 x C2))) : C2) : C2)",4
1280,1045627,"C5 : (((C2 x ((C2 x Q8) : C2)) : C2) : C2)",4
1280,1045628,"C5 : (((C2 x ((C2 x Q8) : C2)) : C2) : C2)",4
1280,1045789,"(((C8 : (C2 x C2)) : C2) : C2) x D10",2
1280,1045794,"C2 x (C5 : (((C8 : (C2 x C2)) : C2) : C2))",4
1280,1045795,"((((C2 x Q8) : C2) : C2) : C2) x D10",2
1280,1045800,"C2 x (C5 : ((((C2 x Q8) : C2) : C2) : C2))",4
1280,1049978,"Q8 x D16 x D10",4
1280,1049982,"C2 x (D16 x (C5 : Q8))",8
1280,1049983,"C2 x Q8 x D80",8
1280,1050013,"Q8 x Q16 x D10",4
1280,1050017,"C2 x (Q16 x (C5 : Q8))",8
1280,1050018,"C2 x (Q8 x (C5 : Q16))",8
1280,1050244,"C5 : ((((C4 : Q8) : C2) : C2) : C2)",4
1280,1050248,"C5 : ((((C4 : Q8) : C2) : C2) : C2)",4
1280,1072066,"C5 : (((((C4 x C2 x C2) : C2) : C2) : C2) : C2)",4
1280,1072071,"C5 : (((((C4 x C2 x C2) : C2) : C2) : C2) : C2)",4
1280,1072073,"C5 : (((C4 : Q16) : C2) : C2)",4
1280,1072078,"C5 : (((C4 : Q16) : C2) : C2)",4
1280,1073099,"C5 : (((((C4 x C2 x C2) : C2) : C2) : C2) : C2)",4
1280,1073104,"C5 : (((((C4 x C2 x C2) : C2) : C2) : C2) : C2)",4
1280,1073106,"C5 : (((C8 : Q8) : C2) : C2)",4
1280,1073111,"C5 : (((C8 : Q8) : C2) : C2)",4
1280,1076041,"C2 x C2 x D32 x D10",8
1280,1076043,"C2 x C2 x C2 x D160",16
1280,1076048,"C2 x C2 x Q32 x D10",8
1280,1076050,"C2 x C2 x C2 x (C5 : Q32)",16
1280,1076075,"((C2 x D32) : C2) x D10",2
1280,1076077,"C2 x (C5 : ((C2 x D32) : C2))",4
1280,1076080,"C2 x (C5 : ((C2 x D32) : C2))",4
1280,1076089,"((C2 x Q32) : C2) x D10",2
1280,1076091,"C2 x (C5 : ((C2 x Q32) : C2))",4
1280,1076094,"C2 x (C5 : ((C2 x Q32) : C2))",4
1280,1076197,"C2 x C2 x (((C2 x C2 x C2 x C2) : C2) x D10)",16
1280,1076253,"C2 x C2 x (((C4 x C4) : C2) x D10)",16
1280,1076255,"C2 x C2 x C2 x (C5 : ((C4 x C4) : C2))",32
1280,1076256,"C2 x C2 x ((C4 : Q8) x D10)",16
1280,1076259,"C2 x C2 x C2 x (C5 : (C4 : Q8))",32
1280,1076474,"C2 x D8 x D8 x D10",8
1280,1076479,"C2 x C2 x D8 x D40",16
1280,1076480,"C2 x Q8 x D8 x D10",8
1280,1076484,"C2 x C2 x (D8 x (C5 : Q8))",16
1280,1076485,"C2 x C2 x Q8 x D40",16
1280,1076633,"C2 x Q8 x Q8 x D10",8
1280,1076635,"C2 x C2 x (Q8 x (C5 : Q8))",16
1280,1077443,"((C2 x ((C2 x C2 x C2 x C2) : C2)) : C2) x D10",4
1280,1077447,"C2 x (C5 : ((C2 x ((C2 x C2 x C2 x C2) : C2)) : C2))",8
1280,1077729,"((((C2 x C2 x C2 x C2) : C2) : C2) : C2) x D10",4
1280,1077731,"C2 x (C5 : ((((C2 x C2 x C2 x C2) : C2) : C2) : C2))",8
1280,1077883,"((((C4 x C4) : C2) : C2) : C2) x D10",4
1280,1077885,"C2 x (C5 : ((((C4 x C4) : C2) : C2) : C2))",8
1280,1077890,"C2 x (C5 : ((((C4 x C4) : C2) : C2) : C2))",8
1280,1077891,"(((C4 : Q8) : C2) : C2) x D10",4
1280,1077893,"C2 x (C5 : (((C4 : Q8) : C2) : C2))",8
1280,1077900,"C2 x (C5 : (((C4 : Q8) : C2) : C2))",8
1280,1077976,"(((C4 : Q8) : C2) : C2) x D10",4
1280,1077978,"C2 x (C5 : (((C4 : Q8) : C2) : C2))",8
1280,1077983,"C2 x (C5 : (((C4 : Q8) : C2) : C2))",8
1280,1078449,"C5 : (((((C2 x C2 x C2 x C2) : C2) : C2) : C2) : C2)",4
1280,1078457,"C5 : (((((C4 x C2 x C2) : C2) : C2) : C2) : C2)",4
1280,1081668,"D8 x (C5 : ((C2 x C2 x C2) : (C2 x C2)))",4
1280,1081673,"((C2 x C2 x C2) : (C2 x C2)) x D40",4
1280,1081676,"Q8 x (C5 : ((C2 x C2 x C2) : (C2 x C2)))",4
1280,1081678,"((C2 x C2 x C2) : (C2 x C2)) x (C5 : Q8)",4
1280,1081877,"D8 x (C5 : ((C2 x Q8) : C2))",4
1280,1081883,"((C2 x Q8) : C2) x D40",4
1280,1081885,"Q8 x (C5 : ((C2 x Q8) : C2))",4
1280,1081888,"((C2 x Q8) : C2) x (C5 : Q8)",4
1280,1082072,"C5 : ((C2 x D8 x D8) : C2)",4
1280,1082167,"C5 : ((C2 x Q8 x D8) : C2)",4
1280,1082175,"C5 : ((C2 x Q8 x D8) : C2)",4
1280,1082631,"C5 : ((C2 x Q8 x Q8) : C2)",4
1280,1082635,"C5 : ((C2 x Q8 x Q8) : C2)",4
1280,1082658,"C5 : ((((C4 x D8) : C2) : C2) : C2)",4
1280,1083341,"C2 x C2 x C2 x D16 x D10",16
1280,1083343,"C2 x C2 x C2 x C2 x D80",32
1280,1083348,"C2 x C2 x C2 x Q16 x D10",16
1280,1083350,"C2 x C2 x C2 x C2 x (C5 : Q16)",32
1280,1083375,"C2 x (((C2 x D16) : C2) x D10)",4
1280,1083377,"C2 x C2 x (C5 : ((C2 x D16) : C2))",8
1280,1083380,"C2 x C2 x (C5 : ((C2 x D16) : C2))",8
1280,1083389,"C2 x (((C2 x Q16) : C2) x D10)",4
1280,1083391,"C2 x C2 x (C5 : ((C2 x Q16) : C2))",8
1280,1083394,"C2 x C2 x (C5 : ((C2 x Q16) : C2))",8
1280,1083426,"C5 : ((C2 x ((C2 x D16) : C2)) : C2)",2
1280,1083429,"C5 : ((C2 x ((C2 x D16) : C2)) : C2)",2
1280,1083438,"C5 : ((C2 x ((C2 x Q16) : C2)) : C2)",2
1280,1083441,"C5 : ((C2 x ((C2 x Q16) : C2)) : C2)",2
1280,1083444,"C2 x C2 x C2 x C2 x D8 x D10",32
1280,1083446,"C2 x C2 x C2 x C2 x C2 x D40",64
1280,1083447,"C2 x C2 x C2 x C2 x Q8 x D10",32
1280,1083448,"C2 x C2 x C2 x C2 x C2 x (C5 : Q8)",64
1280,1083453,"C2 x C2 x (((C2 x C2 x C2) : (C2 x C2)) x D10)",8
1280,1083455,"C2 x C2 x C2 x (C5 : ((C2 x C2 x C2) : (C2 x C2)))",16
1280,1083456,"C2 x C2 x (((C2 x Q8) : C2) x D10)",8
1280,1083457,"C2 x C2 x C2 x (C5 : ((C2 x Q8) : C2))",16
1280,1083463,"((C2 x ((C2 x C2 x C2) : (C2 x C2))) : C2) x D10",2
1280,1083465,"C2 x (C5 : ((C2 x ((C2 x C2 x C2) : (C2 x C2))) : C2))",4
1280,1083466,"((C2 x ((C2 x Q8) : C2)) : C2) x D10",2
1280,1083468,"C2 x (C5 : ((C2 x ((C2 x Q8) : C2)) : C2))",4
1280,1083472,"C2 x C2 x C2 x C2 x C2 x C2 x C2 x D10",128
1280,1116442,"(((C2 x C2 x C2 x C2) : C5) : C2) x D8",2
1280,1116444,"(((C2 x C2 x C2 x C2) : C5) : C2) x Q8",2
1280,1116454,"C2 x ((((C2 x ((C4 x C2) : C2)) : C2) : C5) : C2)",4
1280,1116455,"C2 x ((C2 . (((C2 x C2 x C2 x C2) : C5) : C2) = (((C2 x Q8) : C2) : C5) . C2) : C2)",4
1280,1116461,"C2 x C2 x C2 x (((C2 x C2 x C2 x C2) : C5) : C2)",8
1282,1,"D1282",1
1284,5,"S3 x D214",1
1284,9,"D1284",2
1286,1,"D1286",1
1288,22,"C7 : (C23 : Q8)",2
1288,24,"D1288",2
1288,31,"C2 x D14 x D46",2
1288,34,"C2 x C2 x D322",4
1290,11,"D1290",1
1292,7,"D34 x D38",1
1292,10,"D1292",2
1294,1,"D1294",1
1296,4,"C81 : Q16",2
1296,8,"D1296",2
1296,63,"C2 x (C81 : Q8)",4
1296,65,"C2 x D648",4
1296,67,"D8 x D162",2
1296,69,"Q8 x D162",2
1296,446,"(C9 x C9) : Q16",2
1296,450,"(C9 x C9) : D16",2
1296,456,"(C27 x C3) : Q16",2
1296,460,"(C27 x C3) : D16",2
1296,633,"C2 x C2 x C2 x D162",8
1296,791,"D18 x (C9 : Q8)",2
1296,798,"D18 x D72",2
1296,814,"(C3 : Q8) x D54",2
1296,819,"S3 x (C27 : Q8)",2
1296,825,"D24 x D54",2
1296,826,"S3 x D216",2
1296,1131,"C2 x ((C9 x C9) : Q8)",4
1296,1133,"C2 x ((C9 x C9) : D8)",4
1296,1139,"C2 x ((C27 x C3) : Q8)",4
1296,1141,"C2 x ((C27 x C3) : D8)",4
1296,1159,"D8 x ((C9 x C9) : C2)",2
1296,1163,"D8 x ((C27 x C3) : C2)",2
1296,1173,"Q8 x ((C9 x C9) : C2)",2
1296,1177,"Q8 x ((C27 x C3) : C2)",2
1296,1715,"(C9 x C3 x C3) : Q16",2
1296,1719,"(C9 x C3 x C3) : D16",2
1296,1780,"D54 x S4",1
1296,1857,"C2 x C2 x D18 x D18",4
1296,1859,"C2 x C2 x S3 x D54",4
1296,1914,"C2 x C2 x C2 x ((C9 x C9) : C2)",8
1296,1916,"C2 x C2 x C2 x ((C27 x C3) : C2)",8
1296,2347,"(C3 : Q8) x ((C9 x C3) : C2)",2
1296,2350,"((C3 x C3) : Q8) x D18",2
1296,2357,"((C3 x C3) : C2) x (C9 : Q8)",2
1296,2360,"S3 x ((C9 x C3) : Q8)",2
1296,2369,"D24 x ((C9 x C3) : C2)",2
1296,2370,"((C3 x C3) : C2) x D72",2
1296,2371,"S3 x ((C9 x C3) : D8)",2
1296,2372,"((C12 x C3) : C2) x D18",2
1296,2669,"C2 x ((C9 x C3 x C3) : Q8)",4
1296,2671,"C2 x ((C9 x C3 x C3) : D8)",4
1296,2677,"D8 x ((C9 x C3 x C3) : C2)",2
1296,2681,"Q8 x ((C9 x C3 x C3) : C2)",2
1296,2868,"(C3 x C3 x C3 x C3) : D16",2
1296,2869,"(C3 x C3 x C3 x C3) : Q16",2
1296,2908,"((S3 x S3) : C2) x D18",1
1296,2909,"S3 x (((C3 x C3) : C3) : D8)",1
1296,2925,"((C9 x C3) : C2) x S4",1
1296,2984,"C2 x S3 x S3 x D18",2
1296,3035,"C2 x C2 x (S3 x ((C9 x C3) : C2))",4
1296,3036,"C2 x C2 x (((C3 x C3) : C2) x D18)",4
1296,3075,"C2 x C2 x C2 x ((C9 x C3 x C3) : C2)",8
1296,3377,"((C3 x C3 x C3) : C2) x (C3 : Q8)",2
1296,3380,"((C3 x C3 x C3) : Q8) x S3",2
1296,3388,"((C3 x C3 x C3) : C2) x D24",2
1296,3389,"((C3 x C3 x C3) : D8) x S3",2
1296,3404,"((C3 x C3) : C2) x ((C3 x C3) : Q8)",2
1296,3411,"((C3 x C3) : C2) x ((C12 x C3) : C2)",2
1296,3473,"C2 x ((C3 x C3 x C3 x C3) : Q8)",4
1296,3475,"C2 x ((C3 x C3 x C3 x C3) : D8)",4
1296,3477,"D8 x ((C3 x C3 x C3 x C3) : C2)",2
1296,3479,"Q8 x ((C3 x C3 x C3 x C3) : C2)",2
1296,3527,"((S3 x S3) : C2) x ((C3 x C3) : C2)",1
1296,3538,"S3 x S3 x S3 x S3",1
1296,3549,"((C3 x C3 x C3) : C2) x S4",1
1296,3583,"C2 x (((C3 x C3) : C2) x S3 x S3)",2
1296,3600,"C2 x C2 x (((C3 x C3 x C3) : C2) x S3)",4
1296,3601,"C2 x C2 x (((C3 x C3) : C2) x ((C3 x C3) : C2))",4
1296,3608,"C2 x C2 x C2 x ((C3 x C3 x C3 x C3) : C2)",8
1298,3,"D1298",1
1300,11,"D26 x D50",1
1300,14,"D1300",2
1300,41,"((C5 x C5) : C2) x D26",1
1300,43,"D10 x D130",1
1300,49,"C2 x ((C5 x C5) : D26)",2
1302,23,"D1302",1
1304,10,"D1304",2
1304,11,"C163 : Q8",2
1304,12,"C2 x C2 x D326",4
1306,1,"D1306",1
1308,11,"S3 x D218",1
1308,17,"D1308",2
1310,5,"D1310",1
1312,88,"D1312",2
1312,93,"C41 : Q32",2
1312,143,"C41 : ((C4 x C4) : C2)",4
1312,146,"C41 : (C4 : Q8)",4
1312,155,"D16 x D82",2
1312,157,"C2 x D656",4
1312,162,"Q16 x D82",2
1312,164,"C2 x (C41 : Q16)",4
1312,182,"C2 x D8 x D82",4
1312,184,"C2 x C2 x D328",8
1312,185,"C2 x Q8 x D82",4
1312,186,"C2 x C2 x (C41 : Q8)",8
1312,192,"C41 : ((C2 x C2 x C2) : (C2 x C2))",2
1312,193,"C41 : ((C2 x Q8) : C2)",2
1312,195,"C2 x C2 x C2 x C2 x D82",16
1314,5,"D1314",1
1314,17,"(C3 x C3) : D146",1
1316,5,"D14 x D94",1
1316,8,"D1316",2
1318,1,"D1318",1
1320,125,"C3 : (C5 : (C11 : Q8))",2
1320,127,"D1320",2
1320,153,"S3 x D10 x D22",1
1320,168,"C2 x D30 x D22",2
1320,170,"C2 x D10 x D66",2
1320,171,"C2 x S3 x D110",2
1320,180,"C2 x C2 x D330",4
1322,1,"D1322",1
1324,3,"D1324",2
1326,11,"D1326",1
1328,26,"D1328",2
1328,31,"C83 : Q16",2
1328,34,"D8 x D166",2
1328,36,"C2 x D664",4
1328,37,"Q8 x D166",2
1328,38,"C2 x (C83 : Q8)",4
1328,42,"C2 x C2 x C2 x D166",8
1330,7,"D1330",1
1332,11,"D74 x D18",1
1332,17,"D1332",2
1332,49,"((C3 x C3) : C2) x D74",1
1332,51,"S3 x D222",1
1332,60,"C2 x ((C3 x C3) : D74)",2
1334,3,"D1334",1
1336,10,"D1336",2
1336,11,"C167 : Q8",2
1336,12,"C2 x C2 x D334",4
1338,5,"D1338",1
1340,7,"D10 x D134",1
1340,10,"D1340",2
1342,3,"D1342",1
1344,642,"D1344",2
1344,643,"C3 : (C7 : Q64)",2
1344,1483,"D96 x D14",2
1344,1488,"S3 x D224",2
1344,1494,"(C3 : Q32) x D14",2
1344,1497,"S3 x (C7 : Q32)",2
1344,5608,"C3 : (C7 : (C8 : Q8))",4
1344,5621,"C3 : (C7 : ((C2 x D16) : C2))",4
1344,5625,"C3 : (C7 : (C4 : Q16))",4
1344,5829,"C2 x D672",4
1344,5831,"C2 x (C3 : (C7 : Q32))",4
1344,5836,"D32 x D42",2
1344,5843,"Q32 x D42",2
1344,7016,"(C3 : (C4 : Q8)) x D14",4
1344,7021,"D24 x (C7 : Q8)",4
1344,7027,"(C3 : Q8) x D56",4
1344,7034,"S3 x (C7 : (C4 : Q8))",4
1344,7236,"(C3 : Q8) x (C7 : Q8)",4
1344,7248,"(C3 : ((C4 x C4) : C2)) x D14",4
1344,7252,"D24 x D56",4
1344,7258,"S3 x (C7 : ((C4 x C4) : C2))",4
1344,8472,"C2 x D48 x D14",4
1344,8480,"C3 : (C7 : ((C2 x D16) : C2))",2
1344,8483,"C2 x S3 x D112",4
1344,8490,"C3 : (C7 : ((C8 : (C2 x C2)) : C2))",2
1344,8501,"C2 x ((C3 : Q16) x D14)",4
1344,8505,"C3 : (C7 : ((C2 x Q16) : C2))",2
1344,8506,"C2 x (S3 x (C7 : Q16))",4
1344,8520,"C3 : (C7 : (((C2 x Q8) : C2) : C2))",2
1344,8561,"D16 x S3 x D14",2
1344,8613,"Q16 x S3 x D14",2
1344,10847,"C2 x (C3 : (C7 : (C4 : Q8)))",8
1344,10854,"C2 x (C3 : (C7 : ((C4 x C4) : C2)))",8
1344,10915,"D8 x (C3 : (C7 : Q8))",4
1344,10931,"D8 x D168",4
1344,10945,"Q8 x (C3 : (C7 : Q8))",4
1344,10954,"Q8 x D168",4
1344,10968,"((C2 x C2 x C2 x C2) : C2) x D42",4
1344,11094,"((C4 x C4) : C2) x D42",4
1344,11103,"(C4 : Q8) x D42",4
1344,11119,"C2 x C2 x D336",8
1344,11121,"C2 x C2 x (C3 : (C7 : Q16))",8
1344,11131,"C3 : (C7 : ((C8 : (C2 x C2)) : C2))",2
1344,11132,"C3 : (C7 : (((C8 x C2) : C2) : C2))",2
1344,11133,"C2 x D16 x D42",4
1344,11142,"C2 x Q16 x D42",4
1344,11148,"C3 : (C7 : (((C2 x C2 x C2) : (C2 x C2)) : C2))",2
1344,11150,"C3 : (C7 : (((C2 x Q8) : C2) : C2))",2
1344,11316,"(C7 : Q8) x S4",2
1344,11328,"D56 x S4",2
1344,11348,"D14 x ((C2 . S4 = SL(2;3) . C2) : C2)",2
1344,11355,"D14 x ((((C4 x C2) : C2) : C3) : C2)",2
1344,11502,"C2 x C2 x ((C3 : Q8) x D14)",8
1344,11506,"C2 x (C3 : (C7 : ((C2 x Q8) : C2)))",4
1344,11507,"C2 x C2 x (S3 x (C7 : Q8))",8
1344,11516,"C2 x C2 x D24 x D14",8
1344,11517,"C2 x C2 x S3 x D56",8
1344,11524,"C2 x (C3 : (C7 : ((C2 x C2 x C2) : (C2 x C2))))",4
1344,11527,"C2 x D8 x S3 x D14",4
1344,11543,"C2 x Q8 x S3 x D14",4
1344,11555,"(C3 : ((C2 x C2 x C2) : (C2 x C2))) x D14",2
1344,11556,"S3 x (C7 : ((C2 x C2 x C2) : (C2 x C2)))",2
1344,11558,"(C3 : ((C2 x Q8) : C2)) x D14",2
1344,11559,"S3 x (C7 : ((C2 x Q8) : C2))",2
1344,11657,"C2 x C2 x C2 x (C3 : (C7 : Q8))",16
1344,11659,"C2 x C2 x C2 x D168",16
1344,11661,"C2 x C2 x D8 x D42",8
1344,11664,"C2 x C2 x Q8 x D42",8
1344,11668,"C2 x (C3 : (C7 : ((C2 x C2 x C2) : (C2 x C2))))",4
1344,11669,"C2 x (C3 : (C7 : ((C2 x Q8) : C2)))",4
1344,11671,"((C2 x C2 x C2) : (C2 x C2)) x D42",2
1344,11673,"((C2 x Q8) : C2) x D42",2
1344,11695,"C2 x C2 x D14 x S4",4
1344,11709,"C2 x C2 x C2 x C2 x S3 x D14",16
1344,11719,"C2 x C2 x C2 x C2 x C2 x D42",32
1346,1,"D1346",1
1348,4,"D1348",2
1350,3,"D1350",1
1350,18,"(C9 x C3) : D50",1
1350,30,"C27 : ((C5 x C5) : C2)",1
1350,38,"(C3 x C3 x C3) : D50",1
1350,87,"(C9 x C3) : ((C5 x C5) : C2)",1
1350,111,"(C3 x C3 x C3) : ((C5 x C5) : C2)",1
1352,4,"C169 : Q8",2
1352,6,"D1352",2
1352,13,"C2 x C2 x D338",4
1352,32,"(C13 x C13) : Q8",2
1352,34,"(C13 x C13) : D8",2
1352,49,"C2 x D26 x D26",2
1352,51,"C2 x C2 x ((C13 x C13) : C2)",4
1354,1,"D1354",1
1356,7,"S3 x D226",1
1356,11,"D1356",2
1358,3,"D1358",1
1360,71,"D1360",2
1360,72,"C5 : (C17 : Q16)",2
1360,159,"(C5 : Q8) x D34",2
1360,162,"D10 x (C17 : Q8)",2
1360,170,"D40 x D34",2
1360,171,"D10 x D136",2
1360,206,"C2 x (C5 : (C17 : Q8))",4
1360,208,"C2 x D680",4
1360,210,"D8 x D170",2
1360,212,"Q8 x D170",2
1360,241,"C2 x C2 x D10 x D34",4
1360,244,"C2 x C2 x C2 x D170",8
1362,3,"D1362",1
1364,5,"D22 x D62",1
1364,8,"D1364",2
1366,1,"D1366",1
1368,34,"C9 : (C19 : Q8)",2
1368,36,"D1368",2
1368,59,"C2 x D38 x D18",2
1368,65,"C2 x C2 x D342",4
1368,157,"(C3 x C3) : (C19 : Q8)",2
1368,159,"(C3 x C3) : D152",2
1368,182,"S3 x S3 x D38",1
1368,199,"C2 x (((C3 x C3) : C2) x D38)",2
1368,201,"C2 x S3 x D114",2
1368,210,"C2 x C2 x ((C3 x C3) : D38)",4
1370,3,"D1370",1
1372,3,"D1372",2
1372,15,"D14 x D98",1
1372,21,"C2 x ((C49 x C7) : C2)",2
1372,33,"((C7 x C7) : C2) x D14",1
1372,37,"C2 x ((C7 x C7 x C7) : C2)",2
1374,5,"D1374",1
1376,88,"D1376",2
1376,93,"C43 : Q32",2
1376,143,"C43 : ((C4 x C4) : C2)",4
1376,146,"C43 : (C4 : Q8)",4
1376,155,"D16 x D86",2
1376,157,"C2 x D688",4
1376,162,"Q16 x D86",2
1376,164,"C2 x (C43 : Q16)",4
1376,182,"C2 x D8 x D86",4
1376,184,"C2 x C2 x D344",8
1376,185,"C2 x Q8 x D86",4
1376,186,"C2 x C2 x (C43 : Q8)",8
1376,192,"C43 : ((C2 x C2 x C2) : (C2 x C2))",2
1376,193,"C43 : ((C2 x Q8) : C2)",2
1376,195,"C2 x C2 x C2 x C2 x D86",16
1378,5,"D1378",1
1380,16,"D30 x D46",1
1380,18,"D10 x D138",1
1380,19,"S3 x D230",1
1380,28,"D1380",2
1382,1,"D1382",1
1384,10,"D1384",2
1384,11,"C173 : Q8",2
1384,12,"C2 x C2 x D346",4
1386,11,"D1386",1
1386,31,"(C3 x C3) : D154",1
1388,3,"D1388",2
1390,3,"D1390",1
1392,68,"D1392",2
1392,69,"C3 : (C29 : Q16)",2
1392,119,"(C3 : Q8) x D58",2
1392,122,"S3 x (C29 : Q8)",2
1392,130,"D24 x D58",2
1392,131,"S3 x D232",2
1392,169,"C2 x (C3 : (C29 : Q8))",4
1392,171,"C2 x D696",4
1392,173,"D8 x D174",2
1392,175,"Q8 x D174",2
1392,185,"D58 x S4",1
1392,192,"C2 x C2 x S3 x D58",4
1392,197,"C2 x C2 x C2 x D174",8
1394,3,"D1394",1
1396,4,"D1396",2
1398,3,"D1398",1
1400,24,"C25 : (C7 : Q8)",2
1400,26,"D1400",2
1400,36,"C2 x D14 x D50",2
1400,39,"C2 x C2 x D350",4
1400,106,"(C5 x C5) : (C7 : Q8)",2
1400,108,"(C5 x C5) : D56",2
1400,133,"D10 x D10 x D14",1
1400,144,"C2 x (((C5 x C5) : C2) x D14)",2
1400,146,"C2 x D10 x D70",2
1400,152,"C2 x C2 x ((C5 x C5) : D14)",4
1402,1,"D1402",1
1404,11,"D26 x D54",1
1404,17,"D1404",2
1404,116,"D26 x ((C9 x C3) : C2)",1
1404,120,"S3 x D234",1
1404,121,"D78 x D18",1
1404,155,"C2 x ((C9 x C3) : D26)",2
1404,210,"((C3 x C3 x C3) : C2) x D26",1
1404,212,"S3 x ((C3 x C3) : D26)",1
1404,213,"((C3 x C3) : C2) x D78",1
1404,226,"C2 x ((C3 x C3 x C3) : D26)",2
1406,3,"D1406",1
1408,2723,"D1408",2
1408,2728,"C11 : Q128",2
1408,4125,"C11 : ((((C4 x C4) : C2) : C2) : C2)",4
1408,4128,"C11 : (C8 : Q16)",4
1408,6760,"C11 : (((C2 x D16) : C2) : C2)",4
1408,6763,"C11 : (C4 : Q32)",4
1408,6785,"C11 : (C16 : Q8)",4
1408,6806,"D64 x D22",2
1408,6808,"C2 x D704",4
1408,6813,"Q64 x D22",2
1408,6815,"C2 x (C11 : Q64)",4
1408,12905,"C11 : ((C2 x ((C4 x C4) : C2)) : C2)",8
1408,12908,"C11 : ((C4 x C4) : Q8)",8
1408,13831,"(((C4 x C4) : C2) : C2) x D22",2
1408,13849,"((C4 : Q8) : C2) x D22",2
1408,13892,"(((C2 x C2 x C2 x C2) : C2) : C2) x D22",2
1408,14919,"(((C4 x C4) : C2) : C2) x D22",4
1408,14922,"C2 x (C11 : (((C4 x C4) : C2) : C2))",8
1408,14923,"(C4 : Q16) x D22",4
1408,14926,"C2 x (C11 : (C4 : Q16))",8
1408,15015,"(C8 : Q8) x D22",4
1408,15018,"C2 x (C11 : (C8 : Q8))",8
1408,16186,"D16 x D88",4
1408,16187,"D8 x D176",4
1408,16261,"Q16 x D88",4
1408,16262,"D8 x (C11 : Q16)",4
1408,16310,"C11 : (((C8 : (C2 x C2)) : C2) : C2)",2
1408,16315,"C11 : ((((C2 x Q8) : C2) : C2) : C2)",2
1408,17363,"D16 x (C11 : Q8)",4
1408,17364,"Q8 x D176",4
1408,17394,"Q16 x (C11 : Q8)",4
1408,17395,"Q8 x (C11 : Q16)",4
1408,17614,"C2 x D32 x D22",4
1408,17616,"C2 x C2 x D352",8
1408,17621,"C2 x Q32 x D22",4
1408,17623,"C2 x C2 x (C11 : Q32)",8
1408,17648,"C11 : ((C2 x D32) : C2)",2
1408,17651,"C11 : ((C2 x D32) : C2)",2
1408,17660,"C11 : ((C2 x Q32) : C2)",2
1408,17663,"C11 : ((C2 x Q32) : C2)",2
1408,17724,"C2 x (((C2 x C2 x C2 x C2) : C2) x D22)",8
1408,17780,"C2 x (((C4 x C4) : C2) x D22)",8
1408,17782,"C2 x C2 x (C11 : ((C4 x C4) : C2))",16
1408,17783,"C2 x ((C4 : Q8) x D22)",8
1408,17786,"C2 x C2 x (C11 : (C4 : Q8))",16
1408,17945,"D8 x D8 x D22",4
1408,17950,"C2 x D8 x D88",8
1408,17980,"Q8 x D8 x D22",4
1408,17984,"C2 x (D8 x (C11 : Q8))",8
1408,17985,"C2 x Q8 x D88",8
1408,18084,"Q8 x Q8 x D22",4
1408,18086,"C2 x (Q8 x (C11 : Q8))",8
1408,18143,"C11 : ((C2 x ((C2 x C2 x C2 x C2) : C2)) : C2)",4
1408,18157,"C11 : (((C2 x ((C4 x C2) : C2)) : C2) : C2)",4
1408,18283,"C11 : (((C2 x ((C4 x C2) : C2)) : C2) : C2)",4
1408,18288,"C11 : (((C2 x ((C4 x C2) : C2)) : C2) : C2)",4
1408,18290,"C11 : (((C2 x ((C4 x C2) : C2)) : C2) : C2)",4
1408,18295,"C11 : (((C2 x ((C4 x C2) : C2)) : C2) : C2)",4
1408,18322,"C11 : (((C4 : Q8) : C2) : C2)",4
1408,18329,"C11 : (((C4 : Q8) : C2) : C2)",4
1408,19224,"C2 x C2 x D16 x D22",8
1408,19226,"C2 x C2 x C2 x D176",16
1408,19231,"C2 x C2 x Q16 x D22",8
1408,19233,"C2 x C2 x C2 x (C11 : Q16)",16
1408,19258,"((C2 x D16) : C2) x D22",2
1408,19260,"C2 x (C11 : ((C2 x D16) : C2))",4
1408,19263,"C2 x (C11 : ((C2 x D16) : C2))",4
1408,19272,"((C2 x Q16) : C2) x D22",2
1408,19274,"C2 x (C11 : ((C2 x Q16) : C2))",4
1408,19277,"C2 x (C11 : ((C2 x Q16) : C2))",4
1408,19301,"C2 x C2 x C2 x D8 x D22",16
1408,19303,"C2 x C2 x C2 x C2 x D88",32
1408,19304,"C2 x C2 x C2 x Q8 x D22",16
1408,19305,"C2 x C2 x C2 x C2 x (C11 : Q8)",32
1408,19310,"C2 x (((C2 x C2 x C2) : (C2 x C2)) x D22)",4
1408,19312,"C2 x C2 x (C11 : ((C2 x C2 x C2) : (C2 x C2)))",8
1408,19313,"C2 x (((C2 x Q8) : C2) x D22)",4
1408,19314,"C2 x C2 x (C11 : ((C2 x Q8) : C2))",8
1408,19321,"C11 : ((C2 x ((C2 x C2 x C2) : (C2 x C2))) : C2)",2
1408,19323,"C11 : ((C2 x ((C2 x Q8) : C2)) : C2)",2
1408,19324,"C2 x C2 x C2 x C2 x C2 x C2 x D22",64
1410,7,"D1410",1
1412,4,"D1412",2
1414,3,"D1414",1
1416,23,"C3 : (C59 : Q8)",2
1416,25,"D1416",2
1416,34,"C2 x S3 x D118",2
1416,38,"C2 x C2 x D354",4
1418,1,"D1418",1
1420,11,"D10 x D142",1
1420,14,"D1420",2
1422,5,"D1422",1
1422,15,"(C3 x C3) : D158",1
1424,26,"D1424",2
1424,31,"C89 : Q16",2
1424,34,"D8 x D178",2
1424,36,"C2 x D712",4
1424,37,"Q8 x D178",2
1424,38,"C2 x (C89 : Q8)",4
1424,42,"C2 x C2 x C2 x D178",8
1426,3,"D1426",1
1428,25,"D42 x D34",1
1428,27,"D14 x D102",1
1428,28,"S3 x D238",1
1428,39,"D1428",2
1430,11,"D1430",1
1432,10,"D1432",2
1432,11,"C179 : Q8",2
1432,12,"C2 x C2 x D358",4
1434,3,"D1434",1
1436,3,"D1436",2
1438,1,"D1438",1
1440,160,"D1440",2
1440,161,"C9 : (C5 : Q32)",2
1440,319,"D10 x (C9 : Q16)",2
1440,327,"D10 x D144",2
1440,339,"D80 x D18",2
1440,351,"(C5 : Q16) x D18",2
1440,834,"C9 : (C5 : (C4 : Q8))",4
1440,839,"C9 : (C5 : ((C4 x C4) : C2))",4
1440,864,"C2 x (C9 : (C5 : Q16))",4
1440,869,"C2 x D720",4
1440,875,"D16 x D90",2
1440,882,"Q16 x D90",2
1440,1400,"(C3 x C3) : D160",2
1440,1401,"(C3 x C3) : (C5 : Q32)",2
1440,1569,"C2 x ((C5 : Q8) x D18)",4
1440,1574,"C2 x (D10 x (C9 : Q8))",4
1440,1578,"C9 : (C5 : ((C2 x Q8) : C2))",2
1440,1583,"C2 x D10 x D72",4
1440,1584,"C2 x D40 x D18",4
1440,1591,"C9 : (C5 : ((C2 x C2 x C2) : (C2 x C2)))",2
1440,1593,"D8 x D10 x D18",2
1440,1603,"Q8 x D10 x D18",2
1440,1661,"C2 x C2 x (C9 : (C5 : Q8))",8
1440,1663,"C2 x C2 x D360",8
1440,1665,"C2 x D8 x D90",4
1440,1668,"C2 x Q8 x D90",4
1440,1672,"C9 : (C5 : ((C2 x C2 x C2) : (C2 x C2)))",2
1440,1673,"C9 : (C5 : ((C2 x Q8) : C2))",2
1440,3048,"((C3 x C3) : D16) x D10",2
1440,3053,"((C3 x C3) : C2) x D80",2
1440,3059,"((C3 x C3) : Q16) x D10",2
1440,3062,"((C3 x C3) : C2) x (C5 : Q16)",2
1440,3578,"D48 x D30",2
1440,3583,"S3 x D240",2
1440,3589,"(C3 : Q16) x D30",2
1440,3592,"S3 x (C3 : (C5 : Q16))",2
1440,4455,"(C3 x C3) : (C5 : (C4 : Q8))",4
1440,4460,"(C3 x C3) : (C5 : ((C4 x C4) : C2))",4
1440,4489,"C2 x ((C3 x C3) : D80)",4
1440,4491,"C2 x ((C3 x C3) : (C5 : Q16))",4
1440,4496,"D16 x ((C15 x C3) : C2)",2
1440,4503,"Q16 x ((C15 x C3) : C2)",2
1440,4583,"C2 x C2 x C2 x D10 x D18",8
1440,4588,"C2 x C2 x C2 x C2 x D90",16
1440,4781,"((C3 x C3) : Q16) x D10",2
1440,5215,"(C3 : Q8) x S3 x D10",2
1440,5226,"S3 x S3 x (C5 : Q8)",2
1440,5282,"D24 x S3 x D10",2
1440,5284,"S3 x S3 x D40",2
1440,5571,"C2 x (((C3 x C3) : Q8) x D10)",4
1440,5575,"(C3 x C3) : (C5 : ((C2 x Q8) : C2))",2
1440,5576,"C2 x (((C3 x C3) : C2) x (C5 : Q8))",4
1440,5585,"C2 x (((C12 x C3) : C2) x D10)",4
1440,5586,"C2 x (((C3 x C3) : C2) x D40)",4
1440,5593,"(C3 x C3) : (C5 : ((C2 x C2 x C2) : (C2 x C2)))",2
1440,5595,"D8 x ((C3 x C3) : C2) x D10",2
1440,5605,"Q8 x ((C3 x C3) : C2) x D10",2
1440,5661,"C2 x ((C3 : Q8) x D30)",4
1440,5665,"(C3 x C3) : (C5 : ((C2 x Q8) : C2))",2
1440,5666,"C2 x (S3 x (C3 : (C5 : Q8)))",4
1440,5675,"C2 x D24 x D30",4
1440,5676,"C2 x S3 x D120",4
1440,5683,"(C3 x C3) : (C5 : ((C2 x C2 x C2) : (C2 x C2)))",2
1440,5685,"D8 x S3 x D30",2
1440,5695,"Q8 x S3 x D30",2
1440,5820,"C2 x C2 x ((C3 x C3) : (C5 : Q8))",8
1440,5822,"C2 x C2 x ((C3 x C3) : D40)",8
1440,5824,"C2 x (D8 x ((C15 x C3) : C2))",4
1440,5827,"C2 x (Q8 x ((C15 x C3) : C2))",4
1440,5831,"(C3 x C3) : (C5 : ((C2 x C2 x C2) : (C2 x C2)))",2
1440,5832,"(C3 x C3) : (C5 : ((C2 x Q8) : C2))",2
1440,5871,"S3 x D10 x S4",1
1440,5890,"C2 x (((S3 x S3) : C2) x D10)",2
1440,5901,"C2 x D30 x S4",2
1440,5924,"C2 x C2 x S3 x S3 x D10",4
1440,5947,"C2 x C2 x C2 x (((C3 x C3) : C2) x D10)",8
1440,5949,"C2 x C2 x C2 x S3 x D30",8
1440,5957,"C2 x C2 x C2 x C2 x ((C15 x C3) : C2)",16
1442,3,"D1442",1
1444,3,"D1444",2
1444,9,"D38 x D38",1
1444,10,"C2 x ((C19 x C19) : C2)",2
1446,5,"D1446",1
1448,10,"D1448",2
1448,11,"C181 : Q8",2
1448,12,"C2 x C2 x D362",4
1450,3,"D1450",1
1450,9,"(C5 x C5) : D58",1
1452,5,"S3 x D242",1
1452,9,"D1452",2
1452,29,"S3 x ((C11 x C11) : C2)",1
1452,30,"D66 x D22",1
1452,39,"C2 x (C3 : ((C11 x C11) : C2))",2
1454,1,"D1454",1
1456,67,"D1456",2
1456,68,"C7 : (C13 : Q16)",2
1456,109,"(C7 : Q8) x D26",2
1456,112,"D14 x (C13 : Q8)",2
1456,120,"D56 x D26",2
1456,121,"D14 x D104",2
1456,156,"C2 x (C7 : (C13 : Q8))",4
1456,158,"C2 x D728",4
1456,160,"D8 x D182",2
1456,162,"Q8 x D182",2
1456,175,"C2 x C2 x D14 x D26",4
1456,178,"C2 x C2 x C2 x D182",8
1458,505,"D1458",1
1458,507,"(C27 x C27) : C2",1
1458,608,"(C81 x C9) : C2",1
1458,656,"(C243 x C3) : C2",1
1458,672,"(C9 x C9 x C9) : C2",1
1458,933,"(C27 x C9 x C3) : C2",1
1458,1350,"(C81 x C3 x C3) : C2",1
1458,1403,"(C9 x C9 x C3 x C3) : C2",1
1458,1628,"(C27 x C3 x C3 x C3) : C2",1
1458,1748,"(C9 x C3 x C3 x C3 x C3) : C2",1
1458,1795,"(C3 x C3 x C3 x C3 x C3 x C3) : C2",1
1460,11,"D10 x D146",1
1460,14,"D1460",2
1462,3,"D1462",1
1464,37,"C3 : (C61 : Q8)",2
1464,39,"D1464",2
1464,54,"C2 x S3 x D122",2
1464,60,"C2 x C2 x D366",4
1466,1,"D1466",1
1468,3,"D1468",2
1470,11,"D1470",1
1470,45,"C3 : (C5 : ((C7 x C7) : C2))",1
1472,385,"D1472",2
1472,390,"C23 : Q64",2
1472,926,"C23 : (((C4 x C4) : C2) : C2)",4
1472,929,"C23 : (C4 : Q16)",4
1472,954,"C23 : (C8 : Q8)",4
1472,968,"D32 x D46",2
1472,970,"C2 x D736",4
1472,975,"Q32 x D46",2
1472,977,"C2 x (C23 : Q32)",4
1472,1033,"((C2 x C2 x C2 x C2) : C2) x D46",4
1472,1087,"((C4 x C4) : C2) x D46",4
1472,1089,"C2 x (C23 : ((C4 x C4) : C2))",8
1472,1090,"(C4 : Q8) x D46",4
1472,1093,"C2 x (C23 : (C4 : Q8))",8
1472,1185,"D8 x D184",4
1472,1215,"D8 x (C23 : Q8)",4
1472,1216,"Q8 x D184",4
1472,1280,"Q8 x (C23 : Q8)",4
1472,1317,"C2 x D16 x D46",4
1472,1319,"C2 x C2 x D368",8
1472,1324,"C2 x Q16 x D46",4
1472,1326,"C2 x C2 x (C23 : Q16)",8
1472,1351,"C23 : ((C2 x D16) : C2)",2
1472,1354,"C23 : ((C2 x D16) : C2)",2
1472,1363,"C23 : ((C2 x Q16) : C2)",2
1472,1366,"C23 : ((C2 x Q16) : C2)",2
1472,1369,"C2 x C2 x D8 x D46",8
1472,1371,"C2 x C2 x C2 x D184",16
1472,1372,"C2 x C2 x Q8 x D46",8
1472,1373,"C2 x C2 x C2 x (C23 : Q8)",16
1472,1378,"((C2 x C2 x C2) : (C2 x C2)) x D46",2
1472,1380,"C2 x (C23 : ((C2 x C2 x C2) : (C2 x C2)))",4
1472,1381,"((C2 x Q8) : C2) x D46",2
1472,1382,"C2 x (C23 : ((C2 x Q8) : C2))",4
1472,1387,"C2 x C2 x C2 x C2 x C2 x D46",32
1474,5,"D1474",1
1476,7,"D82 x D18",1
1476,11,"D1476",2
1476,26,"((C3 x C3) : C2) x D82",1
1476,28,"S3 x D246",1
1476,35,"C2 x ((C3 x C3) : D82)",2
1478,1,"D1478",1
1480,28,"C5 : (C37 : Q8)",2
1480,30,"D1480",2
1480,45,"C2 x D10 x D74",2
1480,48,"C2 x C2 x D370",4
1482,23,"D1482",1
1484,7,"D14 x D106",1
1484,10,"D1484",2
1486,1,"D1486",1
1488,93,"D1488",2
1488,94,"C3 : (C31 : Q16)",2
1488,136,"(C3 : Q8) x D62",2
1488,139,"S3 x (C31 : Q8)",2
1488,147,"D24 x D62",2
1488,148,"S3 x D248",2
1488,193,"C2 x (C3 : (C31 : Q8))",4
1488,195,"C2 x D744",4
1488,197,"D8 x D186",2
1488,199,"Q8 x D186",2
1488,207,"D62 x S4",1
1488,213,"C2 x C2 x S3 x D62",4
1488,221,"C2 x C2 x C2 x D186",8
1490,3,"D1490",1
1492,4,"D1492",2
1494,3,"D1494",1
1494,9,"(C3 x C3) : D166",1
1496,24,"C11 : (C17 : Q8)",2
1496,26,"D1496",2
1496,37,"C2 x D22 x D34",2
1496,40,"C2 x C2 x D374",4
1498,3,"D1498",1
1500,7,"S3 x D250",1
1500,11,"D1500",2
1500,37,"((C5 x C5) : C5) : D12",1
1500,68,"S3 x ((C25 x C5) : C2)",1
1500,70,"D10 x D150",1
1500,71,"D30 x D50",1
1500,93,"C2 x (C3 : ((C25 x C5) : C2))",2
1500,159,"S3 x ((C5 x C5 x C5) : C2)",1
1500,160,"(C3 : ((C5 x C5) : C2)) x D10",1
1500,161,"((C5 x C5) : C2) x D30",1
1500,173,"C2 x (C3 : ((C5 x C5 x C5) : C2))",2
1502,1,"D1502",1
1504,88,"D1504",2
1504,93,"C47 : Q32",2
1504,143,"C47 : ((C4 x C4) : C2)",4
1504,146,"C47 : (C4 : Q8)",4
1504,155,"D16 x D94",2
1504,157,"C2 x D752",4
1504,162,"Q16 x D94",2
1504,164,"C2 x (C47 : Q16)",4
1504,182,"C2 x D8 x D94",4
1504,184,"C2 x C2 x D376",8
1504,185,"C2 x Q8 x D94",4
1504,186,"C2 x C2 x (C47 : Q8)",8
1504,192,"C47 : ((C2 x C2 x C2) : (C2 x C2))",2
1504,193,"C47 : ((C2 x Q8) : C2)",2
1504,195,"C2 x C2 x C2 x C2 x D94",16
1506,3,"D1506",1
1508,11,"D26 x D58",1
1508,14,"D1508",2
1510,5,"D1510",1
1512,34,"C27 : (C7 : Q8)",2
1512,36,"D1512",2
1512,89,"C2 x D14 x D54",2
1512,95,"C2 x C2 x D378",4
1512,404,"(C9 x C3) : (C7 : Q8)",2
1512,406,"(C9 x C3) : D56",2
1512,485,"S3 x D14 x D18",1
1512,555,"C2 x (D14 x ((C9 x C3) : C2))",2
1512,559,"C2 x S3 x D126",2
1512,560,"C2 x D42 x D18",2
1512,594,"C2 x C2 x ((C9 x C3) : D14)",4
1512,771,"(C3 x C3 x C3) : (C7 : Q8)",2
1512,773,"(C3 x C3 x C3) : D56",2
1512,835,"((C3 x C3) : C2) x S3 x D14",1
1512,838,"S3 x S3 x D42",1
1512,872,"C2 x (((C3 x C3 x C3) : C2) x D14)",2
1512,874,"C2 x (((C3 x C3) : C2) x D42)",2
1512,875,"C2 x (S3 x ((C3 x C3) : D14))",2
1512,888,"C2 x C2 x ((C3 x C3 x C3) : D14)",4
1514,1,"D1514",1
1516,3,"D1516",2
1518,11,"D1518",1
1520,67,"D1520",2
1520,68,"C5 : (C19 : Q16)",2
1520,109,"(C5 : Q8) x D38",2
1520,112,"D10 x (C19 : Q8)",2
1520,120,"D40 x D38",2
1520,121,"D10 x D152",2
1520,156,"C2 x (C5 : (C19 : Q8))",4
1520,158,"C2 x D760",4
1520,160,"D8 x D190",2
1520,162,"Q8 x D190",2
1520,174,"C2 x C2 x D10 x D38",4
1520,177,"C2 x C2 x C2 x D190",8
1522,1,"D1522",1
1524,8,"S3 x D254",1
1524,14,"D1524",2
1526,3,"D1526",1
1528,10,"D1528",2
1528,11,"C191 : Q8",2
1528,12,"C2 x C2 x D382",4
1530,7,"D1530",1
1530,19,"(C3 x C3) : D170",1
1532,3,"D1532",2
1534,3,"D1534",1
1538,1,"D1538",1
1540,24,"D70 x D22",1
1540,26,"D14 x D110",1
1540,27,"D10 x D154",1
1540,35,"D1540",2
1542,3,"D1542",1
1544,10,"D1544",2
1544,11,"C193 : Q8",2
1544,12,"C2 x C2 x D386",4
1546,1,"D1546",1
1548,8,"D86 x D18",1
1548,14,"D1548",2
1548,34,"((C3 x C3) : C2) x D86",1
1548,36,"S3 x D258",1
1548,45,"C2 x ((C3 x C3) : D86)",2
1550,5,"D1550",1
1550,15,"(C5 x C5) : D62",1
1552,26,"D1552",2
1552,31,"C97 : Q16",2
1552,34,"D8 x D194",2
1552,36,"C2 x D776",4
1552,37,"Q8 x D194",2
1552,38,"C2 x (C97 : Q8)",4
1552,42,"C2 x C2 x C2 x D194",8
1554,23,"D1554",1
1556,4,"D1556",2
1558,3,"D1558",1
1560,138,"C3 : (C5 : (C13 : Q8))",2
1560,140,"D1560",2
1560,178,"S3 x D10 x D26",1
1560,206,"C2 x D30 x D26",2
1560,208,"C2 x D10 x D78",2
1560,209,"C2 x S3 x D130",2
1560,220,"C2 x C2 x D390",4
1562,3,"D1562",1
1564,7,"D34 x D46",1
1564,10,"D1564",2
1566,3,"D1566",1
1566,18,"(C9 x C3) : D58",1
1566,29,"(C3 x C3 x C3) : D58",1
1568,6,"D1568",2
1568,7,"C49 : Q32",2
1568,64,"C49 : (C4 : Q8)",4
1568,69,"C49 : ((C4 x C4) : C2)",4
1568,94,"C2 x (C49 : Q16)",4
1568,99,"C2 x D784",4
1568,105,"D16 x D98",2
1568,112,"Q16 x D98",2
1568,177,"C2 x C2 x (C49 : Q8)",8
1568,179,"C2 x C2 x D392",8
1568,181,"C2 x D8 x D98",4
1568,184,"C2 x Q8 x D98",4
1568,188,"C49 : ((C2 x C2 x C2) : (C2 x C2))",2
1568,189,"C49 : ((C2 x Q8) : C2)",2
1568,284,"(C7 x C7) : D32",2
1568,285,"(C7 x C7) : Q32",2
1568,342,"C2 x C2 x C2 x C2 x D98",16
1568,397,"D14 x D112",2
1568,403,"D14 x (C7 : Q16)",2
1568,675,"(C7 x C7) : (C4 : Q8)",4
1568,680,"(C7 x C7) : ((C4 x C4) : C2)",4
1568,709,"C2 x ((C7 x C7) : D16)",4
1568,711,"C2 x ((C7 x C7) : Q16)",4
1568,716,"D16 x ((C7 x C7) : C2)",2
1568,723,"Q16 x ((C7 x C7) : C2)",2
1568,789,"(C7 x C7) : Q32",2
1568,842,"C2 x (D14 x (C7 : Q8))",4
1568,846,"(C7 x C7) : ((C2 x Q8) : C2)",2
1568,851,"C2 x D14 x D56",4
1568,856,"(C7 x C7) : ((C2 x C2 x C2) : (C2 x C2))",2
1568,858,"D8 x D14 x D14",2
1568,865,"Q8 x D14 x D14",2
1568,894,"C2 x C2 x ((C7 x C7) : Q8)",8
1568,896,"C2 x C2 x ((C7 x C7) : D8)",8
1568,898,"C2 x (D8 x ((C7 x C7) : C2))",4
1568,901,"C2 x (Q8 x ((C7 x C7) : C2))",4
1568,905,"(C7 x C7) : ((C2 x C2 x C2) : (C2 x C2))",2
1568,906,"(C7 x C7) : ((C2 x Q8) : C2)",2
1568,917,"C2 x ((C7 x C7) : D16)",2
1568,925,"C2 x C2 x C2 x D14 x D14",8
1568,927,"C2 x C2 x C2 x C2 x ((C7 x C7) : C2)",16
1570,3,"D1570",1
1572,5,"S3 x D262",1
1572,9,"D1572",2
1574,1,"D1574",1
1576,10,"D1576",2
1576,11,"C197 : Q8",2
1576,12,"C2 x C2 x D394",4
1578,3,"D1578",1
1580,7,"D10 x D158",1
1580,10,"D1580",2
1582,5,"D1582",1
1584,63,"C9 : (C11 : Q16)",2
1584,67,"D1584",2
1584,102,"(C11 : Q8) x D18",2
1584,106,"D22 x (C9 : Q8)",2
1584,113,"D22 x D72",2
1584,114,"D88 x D18",2
1584,152,"C2 x (C9 : (C11 : Q8))",4
1584,154,"C2 x D792",4
1584,156,"D8 x D198",2
1584,158,"Q8 x D198",2
1584,343,"(C3 x C3) : D176",2
1584,344,"(C3 x C3) : (C11 : Q16)",2
1584,368,"C2 x C2 x D22 x D18",4
1584,373,"C2 x C2 x C2 x D198",8
1584,505,"((C3 x C3) : Q8) x D22",2
1584,508,"((C3 x C3) : C2) x (C11 : Q8)",2
1584,516,"((C12 x C3) : C2) x D22",2
1584,517,"((C3 x C3) : C2) x D88",2
1584,550,"(C3 : Q8) x D66",2
1584,553,"S3 x (C3 : (C11 : Q8))",2
1584,561,"D24 x D66",2
1584,562,"S3 x D264",2
1584,638,"C2 x ((C3 x C3) : (C11 : Q8))",4
1584,640,"C2 x ((C3 x C3) : D88)",4
1584,642,"D8 x ((C3 x C3) : D22)",2
1584,644,"Q8 x ((C3 x C3) : D22)",2
1584,657,"((S3 x S3) : C2) x D22",1
1584,663,"D66 x S4",1
1584,675,"C2 x S3 x S3 x D22",2
1584,686,"C2 x C2 x (((C3 x C3) : C2) x D22)",4
1584,688,"C2 x C2 x S3 x D66",4
1584,696,"C2 x C2 x C2 x ((C3 x C3) : D22)",8
1586,3,"D1586",1
1588,4,"D1588",2
1590,7,"D1590",1
1592,10,"D1592",2
1592,11,"C199 : Q8",2
1592,12,"C2 x C2 x D398",4
1594,1,"D1594",1
1596,43,"D42 x D38",1
1596,45,"D14 x D114",1
1596,46,"S3 x D266",1
1596,63,"D1596",2
1598,3,"D1598",1
1600,7,"D1600",2
1600,8,"C25 : Q64",2
1600,309,"C25 : (C8 : Q8)",4
1600,312,"C25 : (C4 : Q16)",4
1600,324,"C25 : ((C2 x D16) : C2)",4
1600,530,"C2 x D800",4
1600,532,"C2 x (C25 : Q32)",4
1600,537,"D32 x D50",2
1600,544,"Q32 x D50",2
1600,1143,"C2 x (C25 : (C4 : Q8))",8
1600,1150,"C2 x (C25 : ((C4 x C4) : C2))",8
1600,1211,"D8 x (C25 : Q8)",4
1600,1227,"D8 x D200",4
1600,1241,"Q8 x (C25 : Q8)",4
1600,1250,"Q8 x D200",4
1600,1264,"((C2 x C2 x C2 x C2) : C2) x D50",4
1600,1390,"((C4 x C4) : C2) x D50",4
1600,1399,"(C4 : Q8) x D50",4
1600,1411,"C2 x C2 x (C25 : Q16)",8
1600,1416,"C2 x C2 x D400",8
1600,1427,"C25 : ((C8 : (C2 x C2)) : C2)",2
1600,1428,"C25 : (((C8 x C2) : C2) : C2)",2
1600,1429,"C2 x D16 x D50",4
1600,1438,"C2 x Q16 x D50",4
1600,1444,"C25 : (((C2 x C2 x C2) : (C2 x C2)) : C2)",2
1600,1446,"C25 : (((C2 x Q8) : C2) : C2)",2
1600,1835,"(C5 x C5) : D64",2
1600,1836,"(C5 x C5) : Q64",2
1600,2034,"C2 x C2 x C2 x (C25 : Q8)",16
1600,2036,"C2 x C2 x C2 x D200",16
1600,2038,"C2 x C2 x D8 x D50",8
1600,2041,"C2 x C2 x Q8 x D50",8
1600,2045,"C2 x (C25 : ((C2 x C2 x C2) : (C2 x C2)))",4
1600,2046,"C2 x (C25 : ((C2 x Q8) : C2))",4
1600,2048,"((C2 x C2 x C2) : (C2 x C2)) x D50",2
1600,2050,"((C2 x Q8) : C2) x D50",2
1600,2764,"D10 x D160",2
1600,2770,"D10 x (C5 : Q32)",2
1600,4897,"(C5 x C5) : (C8 : Q8)",4
1600,4910,"(C5 x C5) : ((C2 x D16) : C2)",4
1600,4914,"(C5 x C5) : (C4 : Q16)",4
1600,5118,"C2 x ((C5 x C5) : D32)",4
1600,5120,"C2 x ((C5 x C5) : Q32)",4
1600,5125,"D32 x ((C5 x C5) : C2)",2
1600,5132,"Q32 x ((C5 x C5) : C2)",2
1600,5604,"C2 x C2 x C2 x C2 x C2 x D50",32
1600,7313,"D10 x (C5 : (C4 : Q8))",4
1600,7318,"(C5 : Q8) x D40",4
1600,7432,"(C5 : Q8) x (C5 : Q8)",4
1600,7441,"D10 x (C5 : ((C4 x C4) : C2))",4
1600,7445,"D40 x D40",4
1600,8115,"C2 x D10 x D80",4
1600,8123,"(C5 x C5) : ((C2 x D16) : C2)",2
1600,8131,"C2 x (D10 x (C5 : Q16))",4
1600,8135,"(C5 x C5) : ((C2 x Q16) : C2)",2
1600,8167,"D16 x D10 x D10",2
1600,8201,"Q16 x D10 x D10",2
1600,9348,"C2 x ((C5 x C5) : (C4 : Q8))",8
1600,9355,"C2 x ((C5 x C5) : ((C4 x C4) : C2))",8
1600,9416,"D8 x ((C5 x C5) : Q8)",4
1600,9432,"D8 x ((C5 x C5) : D8)",4
1600,9446,"Q8 x ((C5 x C5) : Q8)",4
1600,9455,"Q8 x ((C5 x C5) : D8)",4
1600,9469,"((C2 x C2 x C2 x C2) : C2) x ((C5 x C5) : C2)",4
1600,9595,"((C4 x C4) : C2) x ((C5 x C5) : C2)",4
1600,9604,"(C4 : Q8) x ((C5 x C5) : C2)",4
1600,9620,"C2 x C2 x ((C5 x C5) : D16)",8
1600,9622,"C2 x C2 x ((C5 x C5) : Q16)",8
1600,9632,"(C5 x C5) : ((C8 : (C2 x C2)) : C2)",2
1600,9633,"(C5 x C5) : (((C8 x C2) : C2) : C2)",2
1600,9634,"C2 x (D16 x ((C5 x C5) : C2))",4
1600,9643,"C2 x (Q16 x ((C5 x C5) : C2))",4
1600,9649,"(C5 x C5) : (((C2 x C2 x C2) : (C2 x C2)) : C2)",2
1600,9651,"(C5 x C5) : (((C2 x Q8) : C2) : C2)",2
1600,10152,"C2 x C2 x (D10 x (C5 : Q8))",8
1600,10156,"C2 x ((C5 x C5) : ((C2 x Q8) : C2))",4
1600,10161,"C2 x C2 x D10 x D40",8
1600,10166,"C2 x ((C5 x C5) : ((C2 x C2 x C2) : (C2 x C2)))",4
1600,10169,"C2 x D8 x D10 x D10",4
1600,10180,"C2 x Q8 x D10 x D10",4
1600,10189,"D10 x (C5 : ((C2 x C2 x C2) : (C2 x C2)))",2
1600,10191,"D10 x (C5 : ((C2 x Q8) : C2))",2
1600,10227,"C2 x C2 x C2 x ((C5 x C5) : Q8)",16
1600,10229,"C2 x C2 x C2 x ((C5 x C5) : D8)",16
1600,10231,"C2 x C2 x (D8 x ((C5 x C5) : C2))",8
1600,10234,"C2 x C2 x (Q8 x ((C5 x C5) : C2))",8
1600,10238,"C2 x ((C5 x C5) : ((C2 x C2 x C2) : (C2 x C2)))",4
1600,10239,"C2 x ((C5 x C5) : ((C2 x Q8) : C2))",4
1600,10241,"((C2 x C2 x C2) : (C2 x C2)) x ((C5 x C5) : C2)",2
1600,10243,"((C2 x Q8) : C2) x ((C5 x C5) : C2)",2
1600,10261,"D10 x (((C2 x C2 x C2 x C2) : C5) : C2)",1
1600,10278,"C2 x C2 x C2 x C2 x D10 x D10",16
1600,10279,"C2 x C2 x C2 x C2 x C2 x ((C5 x C5) : C2)",32
1602,3,"D1602",1
1602,9,"(C3 x C3) : D178",1
1604,4,"D1604",2
1606,3,"D1606",1
1608,34,"C3 : (C67 : Q8)",2
1608,36,"D1608",2
1608,47,"C2 x S3 x D134",2
1608,53,"C2 x C2 x D402",4
1610,7,"D1610",1
1612,7,"D26 x D62",1
1612,10,"D1612",2
1614,3,"D1614",1
1616,26,"D1616",2
1616,31,"C101 : Q16",2
1616,34,"D8 x D202",2
1616,36,"C2 x D808",4
1616,37,"Q8 x D202",2
1616,38,"C2 x (C101 : Q8)",4
1616,42,"C2 x C2 x C2 x D202",8
1618,1,"D1618",1
1620,7,"D10 x D162",1
1620,11,"D1620",2
1620,117,"D10 x ((C9 x C9) : C2)",1
1620,119,"D10 x ((C27 x C3) : C2)",1
1620,130,"D90 x D18",1
1620,133,"S3 x D270",1
1620,134,"D30 x D54",1
1620,208,"C2 x ((C9 x C9) : D10)",2
1620,210,"C2 x ((C27 x C3) : D10)",2
1620,330,"D10 x ((C9 x C3 x C3) : C2)",1
1620,336,"((C3 x C3) : C2) x D90",1
1620,337,"D30 x ((C9 x C3) : C2)",1
1620,340,"S3 x ((C9 x C3) : D10)",1
1620,341,"((C15 x C3) : C2) x D18",1
1620,399,"C2 x ((C9 x C3 x C3) : D10)",2
1620,422,"(C3 x C3 x C3 x C3) : D20",1
1620,456,"((C3 x C3 x C3 x C3) : C2) x D10",1
1620,458,"S3 x ((C3 x C3 x C3) : D10)",1
1620,459,"((C3 x C3 x C3) : C2) x D30",1
1620,462,"((C3 x C3) : C2) x ((C15 x C3) : C2)",1
1620,476,"C2 x ((C3 x C3 x C3 x C3) : D10)",2
1622,1,"D1622",1
1624,35,"C7 : (C29 : Q8)",2
1624,37,"D1624",2
1624,52,"C2 x D14 x D58",2
1624,55,"C2 x C2 x D406",4
1626,5,"D1626",1
1628,7,"D22 x D74",1
1628,10,"D1628",2
1630,3,"D1630",1
1632,160,"D1632",2
1632,161,"C3 : (C17 : Q32)",2
1632,320,"D48 x D34",2
1632,325,"S3 x D272",2
1632,331,"(C3 : Q16) x D34",2
1632,334,"S3 x (C17 : Q16)",2
1632,830,"C3 : (C17 : (C4 : Q8))",4
1632,835,"C3 : (C17 : ((C4 x C4) : C2))",4
1632,864,"C2 x D816",4
1632,866,"C2 x (C3 : (C17 : Q16))",4
1632,871,"D16 x D102",2
1632,878,"Q16 x D102",2
1632,1073,"C2 x ((C3 : Q8) x D34)",4
1632,1077,"C3 : (C17 : ((C2 x Q8) : C2))",2
1632,1078,"C2 x (S3 x (C17 : Q8))",4
1632,1087,"C2 x D24 x D34",4
1632,1088,"C2 x S3 x D136",4
1632,1095,"C3 : (C17 : ((C2 x C2 x C2) : (C2 x C2)))",2
1632,1097,"D8 x S3 x D34",2
1632,1107,"Q8 x S3 x D34",2
1632,1165,"C2 x C2 x (C3 : (C17 : Q8))",8
1632,1167,"C2 x C2 x D408",8
1632,1169,"C2 x D8 x D102",4
1632,1172,"C2 x Q8 x D102",4
1632,1176,"C3 : (C17 : ((C2 x C2 x C2) : (C2 x C2)))",2
1632,1177,"C3 : (C17 : ((C2 x Q8) : C2))",2
1632,1195,"C2 x D34 x S4",2
1632,1207,"C2 x C2 x C2 x S3 x D34",8
1632,1212,"C2 x C2 x C2 x C2 x D102",16
1634,3,"D1634",1
1636,4,"D1636",2
1638,23,"D1638",1
1638,71,"(C3 x C3) : D182",1
1640,39,"C5 : (C41 : Q8)",2
1640,41,"D1640",2
1640,64,"C2 x D10 x D82",2
1640,67,"C2 x C2 x D410",4
1642,1,"D1642",1
1644,7,"S3 x D274",1
1644,11,"D1644",2
1646,1,"D1646",1
1648,26,"D1648",2
1648,31,"C103 : Q16",2
1648,34,"D8 x D206",2
1648,36,"C2 x D824",4
1648,37,"Q8 x D206",2
1648,38,"C2 x (C103 : Q8)",4
1648,42,"C2 x C2 x C2 x D206",8
1650,11,"D1650",1
1650,37,"C3 : ((C5 x C5) : D22)",1
1652,5,"D14 x D118",1
1652,8,"D1652",2
1654,1,"D1654",1
1656,23,"C9 : (C23 : Q8)",2
1656,25,"D1656",2
1656,40,"C2 x D46 x D18",2
1656,44,"C2 x C2 x D414",4
1656,100,"(C3 x C3) : (C23 : Q8)",2
1656,102,"(C3 x C3) : D184",2
1656,116,"S3 x S3 x D46",1
1656,127,"C2 x (((C3 x C3) : C2) x D46)",2
1656,129,"C2 x S3 x D138",2
1656,136,"C2 x C2 x ((C3 x C3) : D46)",4
1658,1,"D1658",1
1660,7,"D10 x D166",1
1660,10,"D1660",2
1662,5,"D1662",1
1664,2723,"D1664",2
1664,2728,"C13 : Q128",2
1664,4125,"C13 : ((((C4 x C4) : C2) : C2) : C2)",4
1664,4128,"C13 : (C8 : Q16)",4
1664,6760,"C13 : (((C2 x D16) : C2) : C2)",4
1664,6763,"C13 : (C4 : Q32)",4
1664,6785,"C13 : (C16 : Q8)",4
1664,6806,"D64 x D26",2
1664,6808,"C2 x D832",4
1664,6813,"Q64 x D26",2
1664,6815,"C2 x (C13 : Q64)",4
1664,12905,"C13 : ((C2 x ((C4 x C4) : C2)) : C2)",8
1664,12908,"C13 : ((C4 x C4) : Q8)",8
1664,13831,"(((C4 x C4) : C2) : C2) x D26",2
1664,13849,"((C4 : Q8) : C2) x D26",2
1664,13892,"(((C2 x C2 x C2 x C2) : C2) : C2) x D26",2
1664,14919,"(((C4 x C4) : C2) : C2) x D26",4
1664,14922,"C2 x (C13 : (((C4 x C4) : C2) : C2))",8
1664,14923,"(C4 : Q16) x D26",4
1664,14926,"C2 x (C13 : (C4 : Q16))",8
1664,15015,"(C8 : Q8) x D26",4
1664,15018,"C2 x (C13 : (C8 : Q8))",8
1664,16186,"D16 x D104",4
1664,16187,"D8 x D208",4
1664,16261,"Q16 x D104",4
1664,16262,"D8 x (C13 : Q16)",4
1664,16310,"C13 : (((C8 : (C2 x C2)) : C2) : C2)",2
1664,16315,"C13 : ((((C2 x Q8) : C2) : C2) : C2)",2
1664,17363,"D16 x (C13 : Q8)",4
1664,17364,"Q8 x D208",4
1664,17394,"Q16 x (C13 : Q8)",4
1664,17395,"Q8 x (C13 : Q16)",4
1664,17614,"C2 x D32 x D26",4
1664,17616,"C2 x C2 x D416",8
1664,17621,"C2 x Q32 x D26",4
1664,17623,"C2 x C2 x (C13 : Q32)",8
1664,17648,"C13 : ((C2 x D32) : C2)",2
1664,17651,"C13 : ((C2 x D32) : C2)",2
1664,17660,"C13 : ((C2 x Q32) : C2)",2
1664,17663,"C13 : ((C2 x Q32) : C2)",2
1664,17724,"C2 x (((C2 x C2 x C2 x C2) : C2) x D26)",8
1664,17780,"C2 x (((C4 x C4) : C2) x D26)",8
1664,17782,"C2 x C2 x (C13 : ((C4 x C4) : C2))",16
1664,17783,"C2 x ((C4 : Q8) x D26)",8
1664,17786,"C2 x C2 x (C13 : (C4 : Q8))",16
1664,17945,"D8 x D8 x D26",4
1664,17950,"C2 x D8 x D104",8
1664,17980,"Q8 x D8 x D26",4
1664,17984,"C2 x (D8 x (C13 : Q8))",8
1664,17985,"C2 x Q8 x D104",8
1664,18084,"Q8 x Q8 x D26",4
1664,18086,"C2 x (Q8 x (C13 : Q8))",8
1664,18143,"C13 : ((C2 x ((C2 x C2 x C2 x C2) : C2)) : C2)",4
1664,18157,"C13 : (((C2 x ((C4 x C2) : C2)) : C2) : C2)",4
1664,18283,"C13 : (((C2 x ((C4 x C2) : C2)) : C2) : C2)",4
1664,18288,"C13 : (((C2 x ((C4 x C2) : C2)) : C2) : C2)",4
1664,18290,"C13 : (((C2 x ((C4 x C2) : C2)) : C2) : C2)",4
1664,18295,"C13 : (((C2 x ((C4 x C2) : C2)) : C2) : C2)",4
1664,18322,"C13 : (((C4 : Q8) : C2) : C2)",4
1664,18329,"C13 : (((C4 : Q8) : C2) : C2)",4
1664,19224,"C2 x C2 x D16 x D26",8
1664,19226,"C2 x C2 x C2 x D208",16
1664,19231,"C2 x C2 x Q16 x D26",8
1664,19233,"C2 x C2 x C2 x (C13 : Q16)",16
1664,19258,"((C2 x D16) : C2) x D26",2
1664,19260,"C2 x (C13 : ((C2 x D16) : C2))",4
1664,19263,"C2 x (C13 : ((C2 x D16) : C2))",4
1664,19272,"((C2 x Q16) : C2) x D26",2
1664,19274,"C2 x (C13 : ((C2 x Q16) : C2))",4
1664,19277,"C2 x (C13 : ((C2 x Q16) : C2))",4
1664,19301,"C2 x C2 x C2 x D8 x D26",16
1664,19303,"C2 x C2 x C2 x C2 x D104",32
1664,19304,"C2 x C2 x C2 x Q8 x D26",16
1664,19305,"C2 x C2 x C2 x C2 x (C13 : Q8)",32
1664,19310,"C2 x (((C2 x C2 x C2) : (C2 x C2)) x D26)",4
1664,19312,"C2 x C2 x (C13 : ((C2 x C2 x C2) : (C2 x C2)))",8
1664,19313,"C2 x (((C2 x Q8) : C2) x D26)",4
1664,19314,"C2 x C2 x (C13 : ((C2 x Q8) : C2))",8
1664,19321,"C13 : ((C2 x ((C2 x C2 x C2) : (C2 x C2))) : C2)",2
1664,19323,"C13 : ((C2 x ((C2 x Q8) : C2)) : C2)",2
1664,19324,"C2 x C2 x C2 x C2 x C2 x C2 x D26",64
1666,3,"D1666",1
1666,9,"(C7 x C7) : D34",1
1668,8,"S3 x D278",1
1668,14,"D1668",2
1670,3,"D1670",1
1672,22,"C11 : (C19 : Q8)",2
1672,24,"D1672",2
1672,30,"C2 x D22 x D38",2
1672,33,"C2 x C2 x D418",4
1674,5,"D1674",1
1674,42,"(C9 x C3) : D62",1
1674,59,"(C3 x C3 x C3) : D62",1
1676,3,"D1676",2
1678,1,"D1678",1
1680,376,"D1680",2
1680,377,"C3 : (C5 : (C7 : Q16))",2
1680,705,"(C3 : (C5 : Q8)) x D14",2
1680,708,"D30 x (C7 : Q8)",2
1680,716,"D120 x D14",2
1680,717,"D30 x D56",2
1680,759,"(C5 : Q8) x D42",2
1680,762,"D10 x (C3 : (C7 : Q8))",2
1680,770,"D40 x D42",2
1680,771,"D10 x D168",2
1680,786,"(C3 : Q8) x D70",2
1680,789,"S3 x (C5 : (C7 : Q8))",2
1680,797,"D24 x D70",2
1680,798,"S3 x D280",2
1680,910,"C2 x (C3 : (C5 : (C7 : Q8)))",4
1680,912,"C2 x D840",4
1680,914,"D8 x D210",2
1680,916,"Q8 x D210",2
1680,955,"D70 x S4",1
1680,966,"C2 x S3 x D10 x D14",2
1680,988,"C2 x C2 x D30 x D14",4
1680,990,"C2 x C2 x D10 x D42",4
1680,991,"C2 x C2 x S3 x D70",4
1680,1004,"C2 x C2 x C2 x D210",8
1682,1,"D1682",1
1682,4,"(C29 x C29) : C2",1
1684,4,"D1684",2
1686,3,"D1686",1
1688,10,"D1688",2
1688,11,"C211 : Q8",2
1688,12,"C2 x C2 x D422",4
1690,3,"D1690",1
1690,9,"C5 : ((C13 x C13) : C2)",1
1692,5,"D94 x D18",1
1692,9,"D1692",2
1692,20,"((C3 x C3) : C2) x D94",1
1692,22,"S3 x D282",1
1692,29,"C2 x ((C3 x C3) : D94)",2
1694,3,"D1694",1
1694,9,"C7 : ((C11 x C11) : C2)",1
1696,88,"D1696",2
1696,93,"C53 : Q32",2
1696,143,"C53 : ((C4 x C4) : C2)",4
1696,146,"C53 : (C4 : Q8)",4
1696,155,"D16 x D106",2
1696,157,"C2 x D848",4
1696,162,"Q16 x D106",2
1696,164,"C2 x (C53 : Q16)",4
1696,182,"C2 x D8 x D106",4
1696,184,"C2 x C2 x D424",8
1696,185,"C2 x Q8 x D106",4
1696,186,"C2 x C2 x (C53 : Q8)",8
1696,192,"C53 : ((C2 x C2 x C2) : (C2 x C2))",2
1696,193,"C53 : ((C2 x Q8) : C2)",2
1696,195,"C2 x C2 x C2 x C2 x D106",16
1698,5,"D1698",1
1700,11,"D34 x D50",1
1700,14,"D1700",2
1700,41,"((C5 x C5) : C2) x D34",1
1700,43,"D10 x D170",1
1700,49,"C2 x ((C5 x C5) : D34)",2
1702,3,"D1702",1
1704,23,"C3 : (C71 : Q8)",2
1704,25,"D1704",2
1704,34,"C2 x S3 x D142",2
1704,38,"C2 x C2 x D426",4
1706,1,"D1706",1
1708,7,"D14 x D122",1
1708,10,"D1708",2
1710,11,"D1710",1
1710,35,"(C3 x C3) : D190",1
1712,26,"D1712",2
1712,31,"C107 : Q16",2
1712,34,"D8 x D214",2
1712,36,"C2 x D856",4
1712,37,"Q8 x D214",2
1712,38,"C2 x (C107 : Q8)",4
1712,42,"C2 x C2 x C2 x D214",8
1714,1,"D1714",1
1716,25,"D66 x D26",1
1716,27,"D22 x D78",1
1716,28,"S3 x D286",1
1716,39,"D1716",2
1718,1,"D1718",1
1720,24,"C5 : (C43 : Q8)",2
1720,26,"D1720",2
1720,35,"C2 x D10 x D86",2
1720,38,"C2 x C2 x D430",4
1722,11,"D1722",1
1724,3,"D1724",2
1726,1,"D1726",1
1728,8,"D1728",2
1728,9,"C27 : Q64",2
1728,250,"C27 : (C8 : Q8)",4
1728,253,"C27 : (C4 : Q16)",4
1728,265,"C27 : ((C2 x D16) : C2)",4
1728,467,"C2 x (C27 : Q32)",4
1728,472,"C2 x D864",4
1728,478,"D32 x D54",2
1728,485,"Q32 x D54",2
1728,1786,"(C9 x C3) : D64",2
1728,1787,"(C9 x C3) : Q64",2
1728,2269,"C2 x (C27 : (C4 : Q8))",8
1728,2276,"C2 x (C27 : ((C4 x C4) : C2))",8
1728,2337,"D8 x (C27 : Q8)",4
1728,2353,"D8 x D216",4
1728,2367,"Q8 x (C27 : Q8)",4
1728,2376,"Q8 x D216",4
1728,2390,"((C2 x C2 x C2 x C2) : C2) x D54",4
1728,2516,"((C4 x C4) : C2) x D54",4
1728,2525,"(C4 : Q8) x D54",4
1728,2537,"C2 x C2 x (C27 : Q16)",8
1728,2542,"C2 x C2 x D432",8
1728,2553,"C27 : ((C8 : (C2 x C2)) : C2)",2
1728,2554,"C27 : (((C8 x C2) : C2) : C2)",2
1728,2555,"C2 x D16 x D54",4
1728,2564,"C2 x Q16 x D54",4
1728,2570,"C27 : (((C2 x C2 x C2) : (C2 x C2)) : C2)",2
1728,2572,"C27 : (((C2 x Q8) : C2) : C2)",2
1728,3030,"S3 x D288",2
1728,3036,"S3 x (C9 : Q32)",2
1728,3040,"D96 x D18",2
1728,3051,"(C3 : Q32) x D18",2
1728,9807,"(C9 x C3) : (C8 : Q8)",4
1728,9810,"(C9 x C3) : (C4 : Q16)",4
1728,9822,"(C9 x C3) : ((C2 x D16) : C2)",4
1728,10249,"C2 x ((C9 x C3) : D32)",4
1728,10251,"C2 x ((C9 x C3) : Q32)",4
1728,10267,"D32 x ((C9 x C3) : C2)",2
1728,10281,"Q32 x ((C9 x C3) : C2)",2
1728,11396,"C2 x C2 x C2 x (C27 : Q8)",16
1728,11398,"C2 x C2 x C2 x D216",16
1728,11400,"C2 x C2 x D8 x D54",8
1728,11403,"C2 x C2 x Q8 x D54",8
1728,11407,"C2 x (C27 : ((C2 x C2 x C2) : (C2 x C2)))",4
1728,11408,"C2 x (C27 : ((C2 x Q8) : C2))",4
1728,11410,"((C2 x C2 x C2) : (C2 x C2)) x D54",2
1728,11412,"((C2 x Q8) : C2) x D54",2
1728,12058,"(C3 x C3 x C3) : D64",2
1728,12059,"(C3 x C3 x C3) : Q64",2
1728,13536,"(C3 : Q8) x (C9 : Q8)",4
1728,13545,"(C3 : (C4 : Q8)) x D18",4
1728,13550,"(C3 : Q8) x D72",4
1728,13656,"S3 x (C9 : (C4 : Q8))",4
1728,13661,"D24 x (C9 : Q8)",4
1728,13769,"(C3 : ((C4 x C4) : C2)) x D18",4
1728,13770,"S3 x (C9 : ((C4 x C4) : C2))",4
1728,13777,"D24 x D72",4
1728,15797,"C2 x (S3 x (C9 : Q16))",4
1728,15801,"(C9 x C3) : ((C2 x Q16) : C2)",2
1728,15813,"C2 x S3 x D144",4
1728,15821,"(C9 x C3) : ((C2 x D16) : C2)",2
1728,15830,"C2 x D48 x D18",4
1728,15838,"(C9 x C3) : ((C2 x D16) : C2)",2
1728,15854,"C2 x ((C3 : Q16) x D18)",4
1728,15858,"(C9 x C3) : ((C2 x Q16) : C2)",2
1728,15957,"D16 x S3 x D18",2
1728,16043,"Q16 x S3 x D18",2
1728,19831,"C2 x ((C9 x C3) : (C4 : Q8))",8
1728,19838,"C2 x ((C9 x C3) : ((C4 x C4) : C2))",8
1728,19968,"D8 x ((C9 x C3) : Q8)",4
1728,19984,"D8 x ((C9 x C3) : D8)",4
1728,20028,"Q8 x ((C9 x C3) : Q8)",4
1728,20037,"Q8 x ((C9 x C3) : D8)",4
1728,20071,"((C2 x C2 x C2 x C2) : C2) x ((C9 x C3) : C2)",4
1728,20324,"((C4 x C4) : C2) x ((C9 x C3) : C2)",4
1728,20341,"(C4 : Q8) x ((C9 x C3) : C2)",4
1728,20368,"C2 x C2 x ((C9 x C3) : Q16)",8
1728,20373,"C2 x C2 x ((C9 x C3) : D16)",8
1728,20397,"(C9 x C3) : ((C8 : (C2 x C2)) : C2)",2
1728,20398,"(C9 x C3) : (((C8 x C2) : C2) : C2)",2
1728,20404,"C2 x (D16 x ((C9 x C3) : C2))",4
1728,20422,"C2 x (Q16 x ((C9 x C3) : C2))",4
1728,20432,"(C9 x C3) : (((C2 x C2 x C2) : (C2 x C2)) : C2)",2
1728,20434,"(C9 x C3) : (((C2 x Q8) : C2) : C2)",2
1728,20787,"C2 x C2 x C2 x C2 x C2 x D54",32
1728,24815,"((C3 x C3) : C2) x D96",2
1728,24820,"((C3 x C3) : D32) x S3",2
1728,24826,"((C3 x C3) : C2) x (C3 : Q32)",2
1728,24829,"((C3 x C3) : Q32) x S3",2
1728,29385,"(C3 x C3 x C3) : (C8 : Q8)",4
1728,29398,"(C3 x C3 x C3) : ((C2 x D16) : C2)",4
1728,29402,"(C3 x C3 x C3) : (C4 : Q16)",4
1728,29606,"C2 x ((C3 x C3 x C3) : D32)",4
1728,29608,"C2 x ((C3 x C3 x C3) : Q32)",4
1728,29613,"D32 x ((C3 x C3 x C3) : C2)",2
1728,29620,"Q32 x ((C3 x C3 x C3) : C2)",2
1728,30165,"(C9 : Q8) x S4",2
1728,30174,"D72 x S4",2
1728,30190,"D18 x ((C2 . S4 = SL(2;3) . C2) : C2)",2
1728,30201,"D18 x ((((C4 x C2) : C2) : C3) : C2)",2
1728,30393,"((C3 x C3) : C3) : (((C8 x C2) : C2) : C2)",2
1728,30394,"D8 x (((C3 x C3) : C3) : D8)",2
1728,30399,"((C3 x C3) : C3) : ((C2 x D16) : C2)",2
1728,30400,"Q8 x (((C3 x C3) : C3) : D8)",2
1728,30409,"C2 x C2 x (((C3 x C3) : C3) : Q16)",8
1728,30749,"C2 x C2 x ((C3 : Q8) x D18)",8
1728,30753,"C2 x ((C9 x C3) : ((C2 x Q8) : C2))",4
1728,30756,"C2 x C2 x (S3 x (C9 : Q8))",8
1728,30763,"C2 x C2 x D24 x D18",8
1728,30764,"C2 x C2 x S3 x D72",8
1728,30771,"C2 x ((C9 x C3) : ((C2 x C2 x C2) : (C2 x C2)))",4
1728,30790,"C2 x D8 x S3 x D18",4
1728,30816,"C2 x Q8 x S3 x D18",4
1728,30838,"(C3 : ((C2 x C2 x C2) : (C2 x C2))) x D18",2
1728,30839,"S3 x (C9 : ((C2 x C2 x C2) : (C2 x C2)))",2
1728,30841,"(C3 : ((C2 x Q8) : C2)) x D18",2
1728,30842,"S3 x (C9 : ((C2 x Q8) : C2))",2
1728,31034,"C2 x C2 x C2 x ((C9 x C3) : Q8)",16
1728,31036,"C2 x C2 x C2 x ((C9 x C3) : D8)",16
1728,31042,"C2 x C2 x (D8 x ((C9 x C3) : C2))",8
1728,31048,"C2 x C2 x (Q8 x ((C9 x C3) : C2))",8
1728,31055,"C2 x ((C9 x C3) : ((C2 x C2 x C2) : (C2 x C2)))",4
1728,31056,"C2 x ((C9 x C3) : ((C2 x Q8) : C2))",4
1728,31062,"((C2 x C2 x C2) : (C2 x C2)) x ((C9 x C3) : C2)",2
1728,31066,"((C2 x Q8) : C2) x ((C9 x C3) : C2)",2
1728,33799,"S3 x S3 x D48",2
1728,33814,"S3 x S3 x (C3 : Q16)",2
1728,41229,"((C3 x C3) : C2) x (C3 : (C4 : Q8))",4
1728,41234,"((C3 x C3) : Q8) x D24",4
1728,41240,"((C12 x C3) : C2) x (C3 : Q8)",4
1728,41247,"((C3 x C3) : (C4 : Q8)) x S3",4
1728,41449,"((C3 x C3) : Q8) x (C3 : Q8)",4
1728,41461,"((C3 x C3) : C2) x (C3 : ((C4 x C4) : C2))",4
1728,41465,"((C12 x C3) : C2) x D24",4
1728,41471,"((C3 x C3) : ((C4 x C4) : C2)) x S3",4
1728,42685,"C2 x (((C3 x C3) : C2) x D48)",4
1728,42693,"(C3 x C3 x C3) : ((C2 x D16) : C2)",2
1728,42696,"C2 x (((C3 x C3) : D16) x S3)",4
1728,42703,"(C3 x C3 x C3) : ((C8 : (C2 x C2)) : C2)",2
1728,42714,"C2 x (((C3 x C3) : C2) x (C3 : Q16))",4
1728,42718,"(C3 x C3 x C3) : ((C2 x Q16) : C2)",2
1728,42719,"C2 x (((C3 x C3) : Q16) x S3)",4
1728,42733,"(C3 x C3 x C3) : (((C2 x Q8) : C2) : C2)",2
1728,42774,"D16 x ((C3 x C3) : C2) x S3",2
1728,42826,"Q16 x ((C3 x C3) : C2) x S3",2
1728,45656,"C2 x ((C3 x C3 x C3) : (C4 : Q8))",8
1728,45663,"C2 x ((C3 x C3 x C3) : ((C4 x C4) : C2))",8
1728,45724,"D8 x ((C3 x C3 x C3) : Q8)",4
1728,45740,"D8 x ((C3 x C3 x C3) : D8)",4
1728,45754,"Q8 x ((C3 x C3 x C3) : Q8)",4
1728,45763,"Q8 x ((C3 x C3 x C3) : D8)",4
1728,45777,"((C2 x C2 x C2 x C2) : C2) x ((C3 x C3 x C3) : C2)",4
1728,45903,"((C4 x C4) : C2) x ((C3 x C3 x C3) : C2)",4
1728,45912,"(C4 : Q8) x ((C3 x C3 x C3) : C2)",4
1728,45928,"C2 x C2 x ((C3 x C3 x C3) : D16)",8
1728,45930,"C2 x C2 x ((C3 x C3 x C3) : Q16)",8
1728,45940,"(C3 x C3 x C3) : ((C8 : (C2 x C2)) : C2)",2
1728,45941,"(C3 x C3 x C3) : (((C8 x C2) : C2) : C2)",2
1728,45942,"C2 x (D16 x ((C3 x C3 x C3) : C2))",4
1728,45951,"C2 x (Q16 x ((C3 x C3 x C3) : C2))",4
1728,45957,"(C3 x C3 x C3) : (((C2 x C2 x C2) : (C2 x C2)) : C2)",2
1728,45959,"(C3 x C3 x C3) : (((C2 x Q8) : C2) : C2)",2
1728,46114,"C2 x C2 x D18 x S4",4
1728,46139,"C2 x C2 x C2 x (((C3 x C3) : C3) : D8)",8
1728,46164,"C2 x C2 x C2 x C2 x S3 x D18",16
1728,46185,"C2 x C2 x C2 x C2 x C2 x ((C9 x C3) : C2)",32
1728,46516,"(C3 : Q8) x ((S3 x S3) : C2)",2
1728,46551,"(C3 x C3 x C3) : (((C8 x C2) : C2) : C2)",2
1728,46564,"(C3 x C3 x C3) : (((C8 x C2) : C2) : C2)",2
1728,46587,"D24 x ((S3 x S3) : C2)",2
1728,46640,"C2 x (S3 x ((C3 x C3) : Q16))",4
1728,46796,"((C3 x C3) : Q8) x S4",2
1728,46808,"((C12 x C3) : C2) x S4",2
1728,46828,"((C3 x C3) : C2) x ((C2 . S4 = SL(2;3) . C2) : C2)",2
1728,46835,"((C3 x C3) : C2) x ((((C4 x C2) : C2) : C3) : C2)",2
1728,47269,"C2 x (S3 x S3 x (C3 : Q8))",4
1728,47275,"S3 x ((C3 x C3) : ((C2 x Q8) : C2))",2
1728,47319,"C2 x S3 x S3 x D24",4
1728,47327,"S3 x ((C3 x C3) : ((C2 x C2 x C2) : (C2 x C2)))",2
1728,47341,"D8 x S3 x S3 x S3",2
1728,47364,"Q8 x S3 x S3 x S3",2
1728,47647,"C2 x C2 x (((C3 x C3) : C2) x (C3 : Q8))",8
1728,47651,"C2 x ((C3 x C3 x C3) : ((C2 x Q8) : C2))",4
1728,47652,"C2 x C2 x (((C3 x C3) : Q8) x S3)",8
1728,47661,"C2 x C2 x (((C3 x C3) : C2) x D24)",8
1728,47662,"C2 x C2 x (((C12 x C3) : C2) x S3)",8
1728,47669,"C2 x ((C3 x C3 x C3) : ((C2 x C2 x C2) : (C2 x C2)))",4
1728,47672,"C2 x (D8 x ((C3 x C3) : C2) x S3)",4
1728,47688,"C2 x (Q8 x ((C3 x C3) : C2) x S3)",4
1728,47700,"((C3 x C3) : C2) x (C3 : ((C2 x C2 x C2) : (C2 x C2)))",2
1728,47701,"((C3 x C3) : ((C2 x C2 x C2) : (C2 x C2))) x S3",2
1728,47703,"((C3 x C3) : C2) x (C3 : ((C2 x Q8) : C2))",2
1728,47704,"((C3 x C3) : ((C2 x Q8) : C2)) x S3",2
1728,47813,"C2 x C2 x C2 x ((C3 x C3 x C3) : Q8)",16
1728,47815,"C2 x C2 x C2 x ((C3 x C3 x C3) : D8)",16
1728,47817,"C2 x C2 x (D8 x ((C3 x C3 x C3) : C2))",8
1728,47820,"C2 x C2 x (Q8 x ((C3 x C3 x C3) : C2))",8
1728,47824,"C2 x ((C3 x C3 x C3) : ((C2 x C2 x C2) : (C2 x C2)))",4
1728,47825,"C2 x ((C3 x C3 x C3) : ((C2 x Q8) : C2))",4
1728,47827,"((C2 x C2 x C2) : (C2 x C2)) x ((C3 x C3 x C3) : C2)",2
1728,47829,"((C2 x Q8) : C2) x ((C3 x C3 x C3) : C2)",2
1728,47847,"((S3 x S3) : C2) x S4",1
1728,47874,"C2 x S3 x S3 x S4",2
1728,47887,"C2 x C2 x (S3 x ((S3 x S3) : C2))",4
1728,47894,"C2 x C2 x (((C3 x C3) : C2) x S4)",4
1728,47915,"C2 x C2 x C2 x S3 x S3 x S3",8
1728,47929,"C2 x C2 x C2 x C2 x (((C3 x C3) : C2) x S3)",16
1728,47935,"C2 x C2 x C2 x C2 x C2 x ((C3 x C3 x C3) : C2)",32
1730,3,"D1730",1
1732,4,"D1732",2
1734,3,"D1734",1
1734,8,"C3 : ((C17 x C17) : C2)",1
1736,22,"C7 : (C31 : Q8)",2
1736,24,"D1736",2
1736,31,"C2 x D14 x D62",2
1736,34,"C2 x C2 x D434",4
1738,3,"D1738",1
1740,24,"D30 x D58",1
1740,26,"D10 x D174",1
1740,27,"S3 x D290",1
1740,36,"D1740",2
1742,3,"D1742",1
1744,26,"D1744",2
1744,31,"C109 : Q16",2
1744,34,"D8 x D218",2
1744,36,"C2 x D872",4
1744,37,"Q8 x D218",2
1744,38,"C2 x (C109 : Q8)",4
1744,42,"C2 x C2 x C2 x D218",8
1746,5,"D1746",1
1746,15,"(C3 x C3) : D194",1
1748,5,"D38 x D46",1
1748,8,"D1748",2
1750,3,"D1750",1
1750,18,"(C25 x C5) : D14",1
1750,29,"(C5 x C5 x C5) : D14",1
1752,37,"C3 : (C73 : Q8)",2
1752,39,"D1752",2
1752,57,"C2 x S3 x D146",2
1752,63,"C2 x C2 x D438",4
1754,1,"D1754",1
1756,3,"D1756",2
1758,3,"D1758",1
1760,221,"D1760",2
1760,222,"C5 : (C11 : Q32)",2
1760,474,"D80 x D22",2
1760,479,"D10 x D176",2
1760,485,"(C5 : Q16) x D22",2
1760,488,"D10 x (C11 : Q16)",2
1760,977,"C5 : (C11 : (C4 : Q8))",4
1760,982,"C5 : (C11 : ((C4 x C4) : C2))",4
1760,1011,"C2 x D880",4
1760,1013,"C2 x (C5 : (C11 : Q16))",4
1760,1018,"D16 x D110",2
1760,1025,"Q16 x D110",2
1760,1166,"C2 x ((C5 : Q8) x D22)",4
1760,1170,"C5 : (C11 : ((C2 x Q8) : C2))",2
1760,1171,"C2 x (D10 x (C11 : Q8))",4
1760,1180,"C2 x D40 x D22",4
1760,1181,"C2 x D10 x D88",4
1760,1188,"C5 : (C11 : ((C2 x C2 x C2) : (C2 x C2)))",2
1760,1190,"D8 x D10 x D22",2
1760,1200,"Q8 x D10 x D22",2
1760,1249,"C2 x C2 x (C5 : (C11 : Q8))",8
1760,1251,"C2 x C2 x D440",8
1760,1253,"C2 x D8 x D110",4
1760,1256,"C2 x Q8 x D110",4
1760,1260,"C5 : (C11 : ((C2 x C2 x C2) : (C2 x C2)))",2
1760,1261,"C5 : (C11 : ((C2 x Q8) : C2))",2
1760,1281,"C2 x C2 x C2 x D10 x D22",8
1760,1284,"C2 x C2 x C2 x C2 x D110",16
1762,1,"D1762",1
1764,8,"D18 x D98",1
1764,14,"D1764",2
1764,34,"((C3 x C3) : C2) x D98",1
1764,36,"S3 x D294",1
1764,45,"C2 x ((C3 x C3) : D98)",2
1764,82,"((C7 x C7) : C2) x D18",1
1764,83,"D14 x D126",1
1764,96,"C2 x (C9 : ((C7 x C7) : C2))",2
1764,203,"((C3 x C3) : C2) x ((C7 x C7) : C2)",1
1764,204,"((C3 x C3) : D14) x D14",1
1764,209,"S3 x (C3 : ((C7 x C7) : C2))",1
1764,211,"D42 x D42",1
1764,227,"C2 x ((C3 x C3) : ((C7 x C7) : C2))",2
1766,1,"D1766",1
1768,28,"C13 : (C17 : Q8)",2
1768,30,"D1768",2
1768,49,"C2 x D26 x D34",2
1768,52,"C2 x C2 x D442",4
1770,7,"D1770",1
1772,3,"D1772",2
1774,1,"D1774",1
1776,96,"D1776",2
1776,97,"C3 : (C37 : Q16)",2
1776,167,"(C3 : Q8) x D74",2
1776,170,"S3 x (C37 : Q8)",2
1776,178,"D24 x D74",2
1776,179,"S3 x D296",2
1776,224,"C2 x (C3 : (C37 : Q8))",4
1776,226,"C2 x D888",4
1776,228,"D8 x D222",2
1776,230,"Q8 x D222",2
1776,242,"D74 x S4",1
1776,251,"C2 x C2 x S3 x D74",4
1776,259,"C2 x C2 x C2 x D222",8
1778,5,"D1778",1
1780,11,"D10 x D178",1
1780,14,"D1780",2
1782,3,"D1782",1
1782,47,"(C9 x C9) : D22",1
1782,49,"(C27 x C3) : D22",1
1782,95,"(C9 x C3 x C3) : D22",1
1782,109,"(C3 x C3 x C3 x C3) : D22",1
1784,10,"D1784",2
1784,11,"C223 : Q8",2
1784,12,"C2 x C2 x D446",4
1786,3,"D1786",1
1788,7,"S3 x D298",1
1788,11,"D1788",2
1790,3,"D1790",1
1792,57481,"D1792",2
1792,57486,"C7 : Q256",2
1792,84280,"C7 : (((((C4 x C4) : C2) : C2) : C2) : C2)",4
1792,84283,"C7 : (C8 : Q32)",4
1792,84305,"C7 : (C16 : Q16)",4
1792,90563,"C7 : (((C2 x D32) : C2) : C2)",4
1792,90566,"C7 : (C4 : Q64)",4
1792,90588,"C7 : (C32 : Q8)",4
1792,90609,"D128 x D14",2
1792,90611,"C2 x D896",4
1792,90616,"Q128 x D14",2
1792,90618,"C2 x (C7 : Q128)",4
1792,157257,"((((C4 x C4) : C2) : C2) : C2) x D14",4
1792,157259,"C2 x (C7 : ((((C4 x C4) : C2) : C2) : C2))",8
1792,157260,"(C8 : Q16) x D14",4
1792,157263,"C2 x (C7 : (C8 : Q16))",8
1792,161916,"D16 x D112",4
1792,161990,"Q16 x D112",4
1792,161991,"D16 x (C7 : Q16)",4
1792,162412,"Q16 x (C7 : Q16)",4
1792,322087,"C7 : ((C2 x (((C4 x C4) : C2) : C2)) : C2)",8
1792,322090,"C7 : ((C4 x C4) : Q16)",8
1792,322144,"C7 : ((C8 x C4) : Q8)",8
1792,323566,"((((C2 x C2 x C2) : (C2 x C2)) : C2) : C2) x D14",2
1792,323740,"((Q8 x Q8) : C2) x D14",2
1792,324950,"(((C2 x D16) : C2) : C2) x D14",4
1792,324953,"C2 x (C7 : (((C2 x D16) : C2) : C2))",8
1792,324954,"(C4 : Q32) x D14",4
1792,324957,"C2 x (C7 : (C4 : Q32))",8
1792,325042,"(C16 : Q8) x D14",4
1792,325045,"C2 x (C7 : (C16 : Q8))",8
1792,326222,"D32 x D56",4
1792,326223,"D8 x D224",4
1792,326297,"Q32 x D56",4
1792,326298,"D8 x (C7 : Q32)",4
1792,326363,"C7 : ((((C2 x D16) : C2) : C2) : C2)",2
1792,326364,"C7 : ((((C2 x D16) : C2) : C2) : C2)",2
1792,326382,"C7 : ((((C2 x Q16) : C2) : C2) : C2)",2
1792,326383,"C7 : ((((C2 x Q16) : C2) : C2) : C2)",2
1792,327431,"D32 x (C7 : Q8)",4
1792,327432,"Q8 x D224",4
1792,327462,"Q32 x (C7 : Q8)",4
1792,327463,"Q8 x (C7 : Q32)",4
1792,327682,"C2 x D64 x D14",4
1792,327684,"C2 x C2 x D448",8
1792,327689,"C2 x Q64 x D14",4
1792,327691,"C2 x C2 x (C7 : Q64)",8
1792,327716,"C7 : ((C2 x D64) : C2)",2
1792,327719,"C7 : ((C2 x D64) : C2)",2
1792,327728,"C7 : ((C2 x Q64) : C2)",2
1792,327731,"C7 : ((C2 x Q64) : C2)",2
1792,364861,"((C2 x C2 x C2 x C2) : C2) x D56",8
1792,365387,"((C4 x C4) : C2) x D56",8
1792,365388,"D8 x (C7 : ((C4 x C4) : C2))",8
1792,365398,"(C4 : Q8) x D56",8
1792,365399,"D8 x (C7 : (C4 : Q8))",8
1792,374427,"((C2 x C2 x C2 x C2) : C2) x (C7 : Q8)",8
1792,374672,"((C4 x C4) : C2) x (C7 : Q8)",8
1792,374673,"Q8 x (C7 : ((C4 x C4) : C2))",8
1792,374678,"(C4 : Q8) x (C7 : Q8)",8
1792,374680,"Q8 x (C7 : (C4 : Q8))",8
1792,375391,"((C2 x ((C2 x C2 x C2 x C2) : C2)) : C2) x D14",8
1792,375660,"((C2 x ((C4 x C4) : C2)) : C2) x D14",8
1792,375662,"C2 x (C7 : ((C2 x ((C4 x C4) : C2)) : C2))",16
1792,375663,"((C4 x C4) : Q8) x D14",8
1792,375666,"C2 x (C7 : ((C4 x C4) : Q8))",16
1792,1035966,"((C2 x C2 x D16) : C2) x D14",4
1792,1035996,"((C2 x C2 x Q16) : C2) x D14",4
1792,1036167,"C2 x ((((C4 x C4) : C2) : C2) x D14)",4
1792,1036185,"C2 x (((C4 : Q8) : C2) x D14)",4
1792,1036244,"C7 : ((C2 x (((C4 x C4) : C2) : C2)) : C2)",2
1792,1036271,"C7 : ((C2 x ((C4 : Q8) : C2)) : C2)",2
1792,1036279,"C2 x ((((C2 x C2 x C2 x C2) : C2) : C2) x D14)",4
1792,1036317,"C7 : ((C2 x (((C2 x C2 x C2 x C2) : C2) : C2)) : C2)",2
1792,1036323,"C7 : (((((C2 x C2 x C2 x C2) : C2) : C2) : C2) : C2)",2
1792,1038968,"C2 x ((((C4 x C4) : C2) : C2) x D14)",8
1792,1038971,"C2 x C2 x (C7 : (((C4 x C4) : C2) : C2))",16
1792,1038972,"C2 x ((C4 : Q16) x D14)",8
1792,1038975,"C2 x C2 x (C7 : (C4 : Q16))",16
1792,1039108,"C7 : ((C2 x (((C4 x C4) : C2) : C2)) : C2)",4
1792,1039113,"C7 : ((C2 x (((C4 x C4) : C2) : C2)) : C2)",4
1792,1039115,"C7 : ((C2 x (C4 : Q16)) : C2)",4
1792,1039120,"C7 : ((C2 x (C4 : Q16)) : C2)",4
1792,1039163,"C2 x ((C8 : Q8) x D14)",8
1792,1039166,"C2 x C2 x (C7 : (C8 : Q8))",16
1792,1039259,"C7 : ((C2 x (C8 : Q8)) : C2)",4
1792,1039264,"C7 : ((C2 x (C8 : Q8)) : C2)",4
1792,1044755,"D8 x D16 x D14",4
1792,1044762,"C2 x D16 x D56",8
1792,1044763,"C2 x D8 x D112",8
1792,1044837,"D8 x Q16 x D14",4
1792,1044844,"C2 x Q16 x D56",8
1792,1044845,"C2 x (D8 x (C7 : Q16))",8
1792,1044884,"C7 : (((C2 x (C8 : (C2 x C2))) : C2) : C2)",4
1792,1044950,"C7 : (((C2 x ((C2 x Q8) : C2)) : C2) : C2)",4
1792,1045602,"C7 : (((C2 x (C8 : (C2 x C2))) : C2) : C2)",4
1792,1045603,"C7 : (((C2 x (C8 : (C2 x C2))) : C2) : C2)",4
1792,1045627,"C7 : (((C2 x ((C2 x Q8) : C2)) : C2) : C2)",4
1792,1045628,"C7 : (((C2 x ((C2 x Q8) : C2)) : C2) : C2)",4
1792,1045789,"(((C8 : (C2 x C2)) : C2) : C2) x D14",2
1792,1045794,"C2 x (C7 : (((C8 : (C2 x C2)) : C2) : C2))",4
1792,1045795,"((((C2 x Q8) : C2) : C2) : C2) x D14",2
1792,1045800,"C2 x (C7 : ((((C2 x Q8) : C2) : C2) : C2))",4
1792,1049978,"Q8 x D16 x D14",4
1792,1049982,"C2 x (D16 x (C7 : Q8))",8
1792,1049983,"C2 x Q8 x D112",8
1792,1050013,"Q8 x Q16 x D14",4
1792,1050017,"C2 x (Q16 x (C7 : Q8))",8
1792,1050018,"C2 x (Q8 x (C7 : Q16))",8
1792,1050244,"C7 : ((((C4 : Q8) : C2) : C2) : C2)",4
1792,1050248,"C7 : ((((C4 : Q8) : C2) : C2) : C2)",4
1792,1072066,"C7 : (((((C4 x C2 x C2) : C2) : C2) : C2) : C2)",4
1792,1072071,"C7 : (((((C4 x C2 x C2) : C2) : C2) : C2) : C2)",4
1792,1072073,"C7 : (((C4 : Q16) : C2) : C2)",4
1792,1072078,"C7 : (((C4 : Q16) : C2) : C2)",4
1792,1073099,"C7 : (((((C4 x C2 x C2) : C2) : C2) : C2) : C2)",4
1792,1073104,"C7 : (((((C4 x C2 x C2) : C2) : C2) : C2) : C2)",4
1792,1073106,"C7 : (((C8 : Q8) : C2) : C2)",4
1792,1073111,"C7 : (((C8 : Q8) : C2) : C2)",4
1792,1076041,"C2 x C2 x D32 x D14",8
1792,1076043,"C2 x C2 x C2 x D224",16
1792,1076048,"C2 x C2 x Q32 x D14",8
1792,1076050,"C2 x C2 x C2 x (C7 : Q32)",16
1792,1076075,"((C2 x D32) : C2) x D14",2
1792,1076077,"C2 x (C7 : ((C2 x D32) : C2))",4
1792,1076080,"C2 x (C7 : ((C2 x D32) : C2))",4
1792,1076089,"((C2 x Q32) : C2) x D14",2
1792,1076091,"C2 x (C7 : ((C2 x Q32) : C2))",4
1792,1076094,"C2 x (C7 : ((C2 x Q32) : C2))",4
1792,1076197,"C2 x C2 x (((C2 x C2 x C2 x C2) : C2) x D14)",16
1792,1076253,"C2 x C2 x (((C4 x C4) : C2) x D14)",16
1792,1076255,"C2 x C2 x C2 x (C7 : ((C4 x C4) : C2))",32
1792,1076256,"C2 x C2 x ((C4 : Q8) x D14)",16
1792,1076259,"C2 x C2 x C2 x (C7 : (C4 : Q8))",32
1792,1076474,"C2 x D8 x D8 x D14",8
1792,1076479,"C2 x C2 x D8 x D56",16
1792,1076480,"C2 x Q8 x D8 x D14",8
1792,1076484,"C2 x C2 x (D8 x (C7 : Q8))",16
1792,1076485,"C2 x C2 x Q8 x D56",16
1792,1076633,"C2 x Q8 x Q8 x D14",8
1792,1076635,"C2 x C2 x (Q8 x (C7 : Q8))",16
1792,1077443,"((C2 x ((C2 x C2 x C2 x C2) : C2)) : C2) x D14",4
1792,1077447,"C2 x (C7 : ((C2 x ((C2 x C2 x C2 x C2) : C2)) : C2))",8
1792,1077729,"((((C2 x C2 x C2 x C2) : C2) : C2) : C2) x D14",4
1792,1077731,"C2 x (C7 : ((((C2 x C2 x C2 x C2) : C2) : C2) : C2))",8
1792,1077883,"((((C4 x C4) : C2) : C2) : C2) x D14",4
1792,1077885,"C2 x (C7 : ((((C4 x C4) : C2) : C2) : C2))",8
1792,1077890,"C2 x (C7 : ((((C4 x C4) : C2) : C2) : C2))",8
1792,1077891,"(((C4 : Q8) : C2) : C2) x D14",4
1792,1077893,"C2 x (C7 : (((C4 : Q8) : C2) : C2))",8
1792,1077900,"C2 x (C7 : (((C4 : Q8) : C2) : C2))",8
1792,1077976,"(((C4 : Q8) : C2) : C2) x D14",4
1792,1077978,"C2 x (C7 : (((C4 : Q8) : C2) : C2))",8
1792,1077983,"C2 x (C7 : (((C4 : Q8) : C2) : C2))",8
1792,1078449,"C7 : (((((C2 x C2 x C2 x C2) : C2) : C2) : C2) : C2)",4
1792,1078457,"C7 : (((((C4 x C2 x C2) : C2) : C2) : C2) : C2)",4
1792,1081668,"D8 x (C7 : ((C2 x C2 x C2) : (C2 x C2)))",4
1792,1081673,"((C2 x C2 x C2) : (C2 x C2)) x D56",4
1792,1081676,"Q8 x (C7 : ((C2 x C2 x C2) : (C2 x C2)))",4
1792,1081678,"((C2 x C2 x C2) : (C2 x C2)) x (C7 : Q8)",4
1792,1081877,"D8 x (C7 : ((C2 x Q8) : C2))",4
1792,1081883,"((C2 x Q8) : C2) x D56",4
1792,1081885,"Q8 x (C7 : ((C2 x Q8) : C2))",4
1792,1081888,"((C2 x Q8) : C2) x (C7 : Q8)",4
1792,1082072,"C7 : ((C2 x D8 x D8) : C2)",4
1792,1082167,"C7 : ((C2 x Q8 x D8) : C2)",4
1792,1082175,"C7 : ((C2 x Q8 x D8) : C2)",4
1792,1082631,"C7 : ((C2 x Q8 x Q8) : C2)",4
1792,1082635,"C7 : ((C2 x Q8 x Q8) : C2)",4
1792,1082658,"C7 : ((((C4 x D8) : C2) : C2) : C2)",4
1792,1083341,"C2 x C2 x C2 x D16 x D14",16
1792,1083343,"C2 x C2 x C2 x C2 x D112",32
1792,1083348,"C2 x C2 x C2 x Q16 x D14",16
1792,1083350,"C2 x C2 x C2 x C2 x (C7 : Q16)",32
1792,1083375,"C2 x (((C2 x D16) : C2) x D14)",4
1792,1083377,"C2 x C2 x (C7 : ((C2 x D16) : C2))",8
1792,1083380,"C2 x C2 x (C7 : ((C2 x D16) : C2))",8
1792,1083389,"C2 x (((C2 x Q16) : C2) x D14)",4
1792,1083391,"C2 x C2 x (C7 : ((C2 x Q16) : C2))",8
1792,1083394,"C2 x C2 x (C7 : ((C2 x Q16) : C2))",8
1792,1083426,"C7 : ((C2 x ((C2 x D16) : C2)) : C2)",2
1792,1083429,"C7 : ((C2 x ((C2 x D16) : C2)) : C2)",2
1792,1083438,"C7 : ((C2 x ((C2 x Q16) : C2)) : C2)",2
1792,1083441,"C7 : ((C2 x ((C2 x Q16) : C2)) : C2)",2
1792,1083444,"C2 x C2 x C2 x C2 x D8 x D14",32
1792,1083446,"C2 x C2 x C2 x C2 x C2 x D56",64
1792,1083447,"C2 x C2 x C2 x C2 x Q8 x D14",32
1792,1083448,"C2 x C2 x C2 x C2 x C2 x (C7 : Q8)",64
1792,1083453,"C2 x C2 x (((C2 x C2 x C2) : (C2 x C2)) x D14)",8
1792,1083455,"C2 x C2 x C2 x (C7 : ((C2 x C2 x C2) : (C2 x C2)))",16
1792,1083456,"C2 x C2 x (((C2 x Q8) : C2) x D14)",8
1792,1083457,"C2 x C2 x C2 x (C7 : ((C2 x Q8) : C2))",16
1792,1083463,"((C2 x ((C2 x C2 x C2) : (C2 x C2))) : C2) x D14",2
1792,1083465,"C2 x (C7 : ((C2 x ((C2 x C2 x C2) : (C2 x C2))) : C2))",4
1792,1083466,"((C2 x ((C2 x Q8) : C2)) : C2) x D14",2
1792,1083468,"C2 x (C7 : ((C2 x ((C2 x Q8) : C2)) : C2))",4
1792,1083472,"C2 x C2 x C2 x C2 x C2 x C2 x C2 x D14",128
1794,11,"D1794",1
1796,4,"D1796",2
1798,3,"D1798",1
1800,25,"C9 : (C25 : Q8)",2
1800,27,"D1800",2
1800,45,"C2 x D18 x D50",2
1800,49,"C2 x C2 x D450",4
1800,118,"(C3 x C3) : (C25 : Q8)",2
1800,120,"(C3 x C3) : D200",2
1800,207,"C9 : ((C5 x C5) : Q8)",2
1800,209,"C9 : ((C5 x C5) : D8)",2
1800,229,"S3 x S3 x D50",1
1800,244,"C2 x (((C3 x C3) : C2) x D50)",2
1800,246,"C2 x S3 x D150",2
1800,253,"C2 x C2 x ((C3 x C3) : D50)",4
1800,296,"D10 x D10 x D18",1
1800,316,"C2 x (((C5 x C5) : C2) x D18)",2
1800,317,"C2 x D10 x D90",2
1800,326,"C2 x C2 x (C9 : ((C5 x C5) : C2))",4
1800,547,"(C3 x C3) : ((C5 x C5) : Q8)",2
1800,549,"(C3 x C3) : ((C5 x C5) : D8)",2
1800,575,"S3 x ((C5 x C5) : D12)",1
1800,675,"((C3 x C3) : C2) x D10 x D10",1
1800,677,"S3 x S3 x ((C5 x C5) : C2)",1
1800,678,"S3 x D30 x D10",1
1800,728,"C2 x (((C3 x C3) : C2) x ((C5 x C5) : C2))",2
1800,729,"C2 x (((C15 x C3) : C2) x D10)",2
1800,734,"C2 x (S3 x (C3 : ((C5 x C5) : C2)))",2
1800,736,"C2 x D30 x D30",2
1800,741,"C2 x C2 x ((C3 x C3) : ((C5 x C5) : C2))",4
1802,3,"D1802",1
1804,7,"D22 x D82",1
1804,10,"D1804",2
1806,29,"D1806",1
1808,26,"D1808",2
1808,31,"C113 : Q16",2
1808,34,"D8 x D226",2
1808,36,"C2 x D904",4
1808,37,"Q8 x D226",2
1808,38,"C2 x (C113 : Q8)",4
1808,42,"C2 x C2 x C2 x D226",8
1810,5,"D1810",1
1812,8,"S3 x D302",1
1812,14,"D1812",2
1814,1,"D1814",1
1816,10,"D1816",2
1816,11,"C227 : Q8",2
1816,12,"C2 x C2 x D454",4
1818,3,"D1818",1
1818,9,"(C3 x C3) : D202",1
1820,23,"D70 x D26",1
1820,25,"D14 x D130",1
1820,26,"D10 x D182",1
1820,34,"D1820",2
1822,1,"D1822",1
1824,221,"D1824",2
1824,222,"C3 : (C19 : Q32)",2
1824,392,"D48 x D38",2
1824,397,"S3 x D304",2
1824,403,"(C3 : Q16) x D38",2
1824,406,"S3 x (C19 : Q16)",2
1824,934,"C3 : (C19 : (C4 : Q8))",4
1824,939,"C3 : (C19 : ((C4 x C4) : C2))",4
1824,968,"C2 x D912",4
1824,970,"C2 x (C3 : (C19 : Q16))",4
1824,975,"D16 x D114",2
1824,982,"Q16 x D114",2
1824,1117,"C2 x ((C3 : Q8) x D38)",4
1824,1121,"C3 : (C19 : ((C2 x Q8) : C2))",2
1824,1122,"C2 x (S3 x (C19 : Q8))",4
1824,1131,"C2 x D24 x D38",4
1824,1132,"C2 x S3 x D152",4
1824,1139,"C3 : (C19 : ((C2 x C2 x C2) : (C2 x C2)))",2
1824,1141,"D8 x S3 x D38",2
1824,1151,"Q8 x S3 x D38",2
1824,1224,"C2 x C2 x (C3 : (C19 : Q8))",8
1824,1226,"C2 x C2 x D456",8
1824,1228,"C2 x D8 x D114",4
1824,1231,"C2 x Q8 x D114",4
1824,1235,"C3 : (C19 : ((C2 x C2 x C2) : (C2 x C2)))",2
1824,1236,"C3 : (C19 : ((C2 x Q8) : C2))",2
1824,1245,"C2 x D38 x S4",2
1824,1255,"C2 x C2 x C2 x S3 x D38",8
1824,1263,"C2 x C2 x C2 x C2 x D114",16
1826,3,"D1826",1
1828,4,"D1828",2
1830,17,"D1830",1
1832,10,"D1832",2
1832,11,"C229 : Q8",2
1832,12,"C2 x C2 x D458",4
1834,3,"D1834",1
1836,7,"D34 x D54",1
1836,11,"D1836",2
1836,47,"D34 x ((C9 x C3) : C2)",1
1836,51,"S3 x D306",1
1836,52,"D102 x D18",1
1836,74,"C2 x ((C9 x C3) : D34)",2
1836,102,"((C3 x C3 x C3) : C2) x D34",1
1836,104,"S3 x ((C3 x C3) : D34)",1
1836,105,"((C3 x C3) : C2) x D102",1
1836,116,"C2 x ((C3 x C3 x C3) : D34)",2
1838,1,"D1838",1
1840,67,"D1840",2
1840,68,"C5 : (C23 : Q16)",2
1840,109,"(C5 : Q8) x D46",2
1840,112,"D10 x (C23 : Q8)",2
1840,120,"D40 x D46",2
1840,121,"D10 x D184",2
1840,156,"C2 x (C5 : (C23 : Q8))",4
1840,158,"C2 x D920",4
1840,160,"D8 x D230",2
1840,162,"Q8 x D230",2
1840,174,"C2 x C2 x D10 x D46",4
1840,177,"C2 x C2 x C2 x D230",8
1842,5,"D1842",1
1844,4,"D1844",2
1846,3,"D1846",1
1848,119,"C3 : (C7 : (C11 : Q8))",2
1848,121,"D1848",2
1848,130,"S3 x D14 x D22",1
1848,147,"C2 x D42 x D22",2
1848,149,"C2 x D14 x D66",2
1848,150,"C2 x S3 x D154",2
1848,161,"C2 x C2 x D462",4
1850,3,"D1850",1
1850,9,"(C5 x C5) : D74",1
1852,3,"D1852",2
1854,5,"D1854",1
1854,15,"(C3 x C3) : D206",1
1856,385,"D1856",2
1856,390,"C29 : Q64",2
1856,926,"C29 : (((C4 x C4) : C2) : C2)",4
1856,929,"C29 : (C4 : Q16)",4
1856,954,"C29 : (C8 : Q8)",4
1856,968,"D32 x D58",2
1856,970,"C2 x D928",4
1856,975,"Q32 x D58",2
1856,977,"C2 x (C29 : Q32)",4
1856,1033,"((C2 x C2 x C2 x C2) : C2) x D58",4
1856,1087,"((C4 x C4) : C2) x D58",4
1856,1089,"C2 x (C29 : ((C4 x C4) : C2))",8
1856,1090,"(C4 : Q8) x D58",4
1856,1093,"C2 x (C29 : (C4 : Q8))",8
1856,1185,"D8 x D232",4
1856,1215,"D8 x (C29 : Q8)",4
1856,1216,"Q8 x D232",4
1856,1280,"Q8 x (C29 : Q8)",4
1856,1317,"C2 x D16 x D58",4
1856,1319,"C2 x C2 x D464",8
1856,1324,"C2 x Q16 x D58",4
1856,1326,"C2 x C2 x (C29 : Q16)",8
1856,1351,"C29 : ((C2 x D16) : C2)",2
1856,1354,"C29 : ((C2 x D16) : C2)",2
1856,1363,"C29 : ((C2 x Q16) : C2)",2
1856,1366,"C29 : ((C2 x Q16) : C2)",2
1856,1369,"C2 x C2 x D8 x D58",8
1856,1371,"C2 x C2 x C2 x D232",16
1856,1372,"C2 x C2 x Q8 x D58",8
1856,1373,"C2 x C2 x C2 x (C29 : Q8)",16
1856,1378,"((C2 x C2 x C2) : (C2 x C2)) x D58",2
1856,1380,"C2 x (C29 : ((C2 x C2 x C2) : (C2 x C2)))",4
1856,1381,"((C2 x Q8) : C2) x D58",2
1856,1382,"C2 x (C29 : ((C2 x Q8) : C2))",4
1856,1387,"C2 x C2 x C2 x C2 x C2 x D58",32
1858,1,"D1858",1
1860,41,"D30 x D62",1
1860,43,"D10 x D186",1
1860,44,"S3 x D310",1
1860,55,"D1860",2
1862,3,"D1862",1
1862,9,"(C7 x C7) : D38",1
1864,10,"D1864",2
1864,11,"C233 : Q8",2
1864,12,"C2 x C2 x D466",4
1866,3,"D1866",1
1868,3,"D1868",2
1870,11,"D1870",1
1872,93,"C9 : (C13 : Q16)",2
1872,97,"D1872",2
1872,177,"(C13 : Q8) x D18",2
1872,181,"D26 x (C9 : Q8)",2
1872,188,"D26 x D72",2
1872,189,"D104 x D18",2
1872,234,"C2 x (C9 : (C13 : Q8))",4
1872,236,"C2 x D936",4
1872,238,"D8 x D234",2
1872,240,"Q8 x D234",2
1872,514,"(C3 x C3) : D208",2
1872,515,"(C3 x C3) : (C13 : Q16)",2
1872,548,"C2 x C2 x D26 x D18",4
1872,556,"C2 x C2 x C2 x D234",8
1872,851,"((C3 x C3) : Q8) x D26",2
1872,854,"((C3 x C3) : C2) x (C13 : Q8)",2
1872,862,"((C12 x C3) : C2) x D26",2
1872,863,"((C3 x C3) : C2) x D104",2
1872,896,"(C3 : Q8) x D78",2
1872,899,"S3 x (C3 : (C13 : Q8))",2
1872,907,"D24 x D78",2
1872,908,"S3 x D312",2
1872,991,"C2 x ((C3 x C3) : (C13 : Q8))",4
1872,993,"C2 x ((C3 x C3) : D104)",4
1872,995,"D8 x ((C3 x C3) : D26)",2
1872,997,"Q8 x ((C3 x C3) : D26)",2
1872,1023,"((S3 x S3) : C2) x D26",1
1872,1037,"D78 x S4",1
1872,1061,"C2 x S3 x S3 x D26",2
1872,1082,"C2 x C2 x (((C3 x C3) : C2) x D26)",4
1872,1084,"C2 x C2 x S3 x D78",4
1872,1095,"C2 x C2 x C2 x ((C3 x C3) : D26)",8
1874,1,"D1874",1
1876,5,"D14 x D134",1
1876,8,"D1876",2
1878,5,"D1878",1
1880,24,"C5 : (C47 : Q8)",2
1880,26,"D1880",2
1880,35,"C2 x D10 x D94",2
1880,38,"C2 x C2 x D470",4
1882,1,"D1882",1
1884,11,"S3 x D314",1
1884,17,"D1884",2
1886,3,"D1886",1
1888,88,"D1888",2
1888,93,"C59 : Q32",2
1888,143,"C59 : ((C4 x C4) : C2)",4
1888,146,"C59 : (C4 : Q8)",4
1888,155,"D16 x D118",2
1888,157,"C2 x D944",4
1888,162,"Q16 x D118",2
1888,164,"C2 x (C59 : Q16)",4
1888,182,"C2 x D8 x D118",4
1888,184,"C2 x C2 x D472",8
1888,185,"C2 x Q8 x D118",4
1888,186,"C2 x C2 x (C59 : Q8)",8
1888,192,"C59 : ((C2 x C2 x C2) : (C2 x C2))",2
1888,193,"C59 : ((C2 x Q8) : C2)",2
1888,195,"C2 x C2 x C2 x C2 x D118",16
1890,11,"D1890",1
1890,88,"(C9 x C3) : D70",1
1890,119,"(C3 x C3 x C3) : D70",1
1892,5,"D22 x D86",1
1892,8,"D1892",2
1894,1,"D1894",1
1896,34,"C3 : (C79 : Q8)",2
1896,36,"D1896",2
1896,47,"C2 x S3 x D158",2
1896,53,"C2 x C2 x D474",4
1898,3,"D1898",1
1900,7,"D38 x D50",1
1900,10,"D1900",2
1900,27,"((C5 x C5) : C2) x D38",1
1900,29,"D10 x D190",1
1900,35,"C2 x ((C5 x C5) : D38)",2
1902,3,"D1902",1
1904,67,"D1904",2
1904,68,"C7 : (C17 : Q16)",2
1904,111,"(C7 : Q8) x D34",2
1904,114,"D14 x (C17 : Q8)",2
1904,122,"D56 x D34",2
1904,123,"D14 x D136",2
1904,158,"C2 x (C7 : (C17 : Q8))",4
1904,160,"C2 x D952",4
1904,162,"D8 x D238",2
1904,164,"Q8 x D238",2
1904,182,"C2 x C2 x D14 x D34",4
1904,185,"C2 x C2 x C2 x D238",8
1906,1,"D1906",1
1908,7,"D106 x D18",1
1908,11,"D1908",2
1908,26,"((C3 x C3) : C2) x D106",1
1908,28,"S3 x D318",1
1908,35,"C2 x ((C3 x C3) : D106)",2
1910,5,"D1910",1
1912,10,"D1912",2
1912,11,"C239 : Q8",2
1912,12,"C2 x C2 x D478",4
1914,7,"D1914",1
1916,3,"D1916",2
1918,3,"D1918",1
1920,5508,"D1920",2
1920,5532,"C3 : (C5 : Q128)",2
1920,19323,"C3 : (C5 : ((((C4 x C4) : C2) : C2) : C2))",4
1920,19336,"C3 : (C5 : (C8 : Q16))",4
1920,44484,"C3 : (C5 : (((C2 x D16) : C2) : C2))",4
1920,44502,"C3 : (C5 : (C4 : Q32))",4
1920,44664,"C3 : (C5 : (C16 : Q8))",4
1920,44837,"D64 x D30",2
1920,44843,"C2 x D960",4
1920,44850,"D192 x D10",2
1920,44852,"S3 x D320",2
1920,44882,"Q64 x D30",2
1920,44888,"C2 x (C3 : (C5 : Q64))",4
1920,44895,"(C3 : Q64) x D10",2
1920,44897,"S3 x (C5 : Q64)",2
1920,136831,"C3 : (C5 : ((C2 x ((C4 x C4) : C2)) : C2))",8
1920,136844,"C3 : (C5 : ((C4 x C4) : Q8))",8
1920,150654,"(((C4 x C4) : C2) : C2) x D30",2
1920,150825,"((C4 : Q8) : C2) x D30",2
1920,151293,"(((C2 x C2 x C2 x C2) : C2) : C2) x D30",2
1920,164463,"(((C4 x C4) : C2) : C2) x D30",4
1920,164472,"C2 x (C3 : (C5 : (((C4 x C4) : C2) : C2)))",8
1920,164479,"(C3 : (((C4 x C4) : C2) : C2)) x D10",4
1920,164481,"S3 x (C5 : (((C4 x C4) : C2) : C2))",4
1920,164493,"(C4 : Q16) x D30",4
1920,164502,"C2 x (C3 : (C5 : (C4 : Q16)))",8
1920,164509,"(C3 : (C4 : Q16)) x D10",4
1920,164511,"S3 x (C5 : (C4 : Q16))",4
1920,165501,"(C8 : Q8) x D30",4
1920,165510,"C2 x (C3 : (C5 : (C8 : Q8)))",8
1920,165517,"(C3 : (C8 : Q8)) x D10",4
1920,165519,"S3 x (C5 : (C8 : Q8))",4
1920,182091,"D16 x D120",4
1920,182094,"D8 x D240",4
1920,182161,"D24 x D80",4
1920,182163,"D48 x D40",4
1920,183180,"Q16 x D120",4
1920,183183,"D8 x (C3 : (C5 : Q16))",4
1920,183250,"D24 x (C5 : Q16)",4
1920,183252,"(C3 : Q16) x D40",4
1920,183876,"C3 : (C5 : (((C8 : (C2 x C2)) : C2) : C2))",2
1920,183913,"C3 : (C5 : (((C8 : (C2 x C2)) : C2) : C2))",2
1920,183930,"C3 : (C5 : ((((C2 x Q8) : C2) : C2) : C2))",2
1920,183967,"C3 : (C5 : ((((C2 x Q8) : C2) : C2) : C2))",2
1920,200377,"D16 x (C3 : (C5 : Q8))",4
1920,200380,"Q8 x D240",4
1920,200396,"D48 x (C5 : Q8)",4
1920,200398,"(C3 : Q8) x D80",4
1920,200763,"Q16 x (C3 : (C5 : Q8))",4
1920,200766,"Q8 x (C3 : (C5 : Q16))",4
1920,200782,"(C3 : Q16) x (C5 : Q8)",4
1920,200784,"(C3 : Q8) x (C5 : Q16)",4
1920,203894,"C2 x D32 x D30",4
1920,203900,"C2 x C2 x D480",8
1920,203901,"D32 x S3 x D10",2
1920,203905,"C2 x D96 x D10",4
1920,203907,"C2 x S3 x D160",4
1920,203941,"C2 x Q32 x D30",4
1920,203947,"C2 x C2 x (C3 : (C5 : Q32))",8
1920,203948,"Q32 x S3 x D10",2
1920,203952,"C2 x ((C3 : Q32) x D10)",4
1920,203954,"C2 x (S3 x (C5 : Q32))",4
1920,204188,"C3 : (C5 : ((C2 x D32) : C2))",2
1920,204197,"C3 : (C5 : ((C2 x D32) : C2))",2
1920,204216,"C3 : (C5 : ((C2 x D32) : C2))",2
1920,204218,"C3 : (C5 : ((C2 x D32) : C2))",2
1920,204316,"C3 : (C5 : ((C2 x Q32) : C2))",2
1920,204325,"C3 : (C5 : ((C2 x Q32) : C2))",2
1920,204344,"C3 : (C5 : ((C2 x Q32) : C2))",2
1920,204346,"C3 : (C5 : ((C2 x Q32) : C2))",2
1920,205018,"C2 x (((C2 x C2 x C2 x C2) : C2) x D30)",8
1920,205028,"((C2 x C2 x C2 x C2) : C2) x S3 x D10",4
1920,205658,"C2 x (((C4 x C4) : C2) x D30)",8
1920,205664,"C2 x C2 x (C3 : (C5 : ((C4 x C4) : C2)))",16
1920,205665,"((C4 x C4) : C2) x S3 x D10",4
1920,205669,"C2 x ((C3 : ((C4 x C4) : C2)) x D10)",8
1920,205671,"C2 x (S3 x (C5 : ((C4 x C4) : C2)))",8
1920,205678,"C2 x ((C4 : Q8) x D30)",8
1920,205687,"C2 x C2 x (C3 : (C5 : (C4 : Q8)))",16
1920,205688,"(C4 : Q8) x S3 x D10",4
1920,205695,"C2 x ((C3 : (C4 : Q8)) x D10)",8
1920,205697,"C2 x (S3 x (C5 : (C4 : Q8)))",8
1920,208100,"D8 x D8 x D30",4
1920,208115,"C2 x D8 x D120",8
1920,208125,"D8 x D24 x D10",4
1920,208127,"D8 x S3 x D40",4
1920,208164,"C2 x D24 x D40",8
1920,208596,"Q8 x D8 x D30",4
1920,208608,"C2 x (D8 x (C3 : (C5 : Q8)))",8
1920,208611,"C2 x Q8 x D120",8
1920,208615,"D8 x (C3 : Q8) x D10",4
1920,208617,"D8 x S3 x (C5 : Q8)",4
1920,208621,"Q8 x D24 x D10",4
1920,208623,"Q8 x S3 x D40",4
1920,208642,"C2 x (D24 x (C5 : Q8))",8
1920,208644,"C2 x ((C3 : Q8) x D40)",8
1920,210274,"Q8 x Q8 x D30",4
1920,210280,"C2 x (Q8 x (C3 : (C5 : Q8)))",8
1920,210284,"Q8 x (C3 : Q8) x D10",4
1920,210286,"Q8 x S3 x (C5 : Q8)",4
1920,210290,"C2 x ((C3 : Q8) x (C5 : Q8))",8
1920,211159,"C3 : (C5 : ((C2 x ((C2 x C2 x C2 x C2) : C2)) : C2))",4
1920,211441,"C3 : (C5 : (((C2 x ((C4 x C2) : C2)) : C2) : C2))",4
1920,213837,"C3 : (C5 : (((C2 x ((C4 x C2) : C2)) : C2) : C2))",4
1920,213852,"C3 : (C5 : (((C2 x ((C4 x C2) : C2)) : C2) : C2))",4
1920,213895,"C3 : (C5 : (((C2 x ((C4 x C2) : C2)) : C2) : C2))",4
1920,213897,"C3 : (C5 : (((C2 x ((C4 x C2) : C2)) : C2) : C2))",4
1920,213931,"C3 : (C5 : (((C2 x ((C4 x C2) : C2)) : C2) : C2))",4
1920,213946,"C3 : (C5 : (((C2 x ((C4 x C2) : C2)) : C2) : C2))",4
1920,213989,"C3 : (C5 : (((C2 x ((C4 x C2) : C2)) : C2) : C2))",4
1920,213991,"C3 : (C5 : (((C2 x ((C4 x C2) : C2)) : C2) : C2))",4
1920,214402,"C3 : (C5 : (((C4 : Q8) : C2) : C2))",4
1920,214423,"C3 : (C5 : (((C4 : Q8) : C2) : C2))",4
1920,214481,"C3 : (C5 : (((C4 : Q8) : C2) : C2))",4
1920,214483,"C3 : (C5 : (((C4 : Q8) : C2) : C2))",4
1920,235336,"C2 x C2 x D16 x D30",8
1920,235342,"C2 x C2 x C2 x D240",16
1920,235343,"C2 x D16 x S3 x D10",4
1920,235347,"C2 x C2 x D48 x D10",8
1920,235349,"C2 x C2 x S3 x D80",8
1920,235383,"C2 x C2 x Q16 x D30",8
1920,235389,"C2 x C2 x C2 x (C3 : (C5 : Q16))",16
1920,235390,"C2 x Q16 x S3 x D10",4
1920,235394,"C2 x C2 x ((C3 : Q16) x D10)",8
1920,235396,"C2 x C2 x (S3 x (C5 : Q16))",8
1920,235648,"((C2 x D16) : C2) x D30",2
1920,235654,"C2 x (C3 : (C5 : ((C2 x D16) : C2)))",4
1920,235663,"C2 x (C3 : (C5 : ((C2 x D16) : C2)))",4
1920,235670,"(C3 : ((C2 x D16) : C2)) x D10",2
1920,235672,"S3 x (C5 : ((C2 x D16) : C2))",2
1920,235676,"(C3 : ((C2 x D16) : C2)) x D10",2
1920,235678,"S3 x (C5 : ((C2 x D16) : C2))",2
1920,235697,"C2 x (C3 : (C5 : ((C2 x D16) : C2)))",4
1920,235699,"C2 x (C3 : (C5 : ((C2 x D16) : C2)))",4
1920,235818,"((C2 x Q16) : C2) x D30",2
1920,235824,"C2 x (C3 : (C5 : ((C2 x Q16) : C2)))",4
1920,235833,"C2 x (C3 : (C5 : ((C2 x Q16) : C2)))",4
1920,235840,"(C3 : ((C2 x Q16) : C2)) x D10",2
1920,235842,"S3 x (C5 : ((C2 x Q16) : C2))",2
1920,235846,"(C3 : ((C2 x Q16) : C2)) x D10",2
1920,235848,"S3 x (C5 : ((C2 x Q16) : C2))",2
1920,235867,"C2 x (C3 : (C5 : ((C2 x Q16) : C2)))",4
1920,235869,"C2 x (C3 : (C5 : ((C2 x Q16) : C2)))",4
1920,236171,"C2 x C2 x C2 x D8 x D30",16
1920,236177,"C2 x C2 x C2 x C2 x D120",32
1920,236178,"C2 x C2 x D8 x S3 x D10",8
1920,236182,"C2 x C2 x C2 x D24 x D10",16
1920,236184,"C2 x C2 x C2 x S3 x D40",16
1920,236190,"C2 x C2 x C2 x Q8 x D30",16
1920,236193,"C2 x C2 x C2 x C2 x (C3 : (C5 : Q8))",32
1920,236194,"C2 x C2 x Q8 x S3 x D10",8
1920,236195,"C2 x C2 x C2 x ((C3 : Q8) x D10)",16
1920,236197,"C2 x C2 x C2 x (S3 x (C5 : Q8))",16
1920,236233,"C2 x (((C2 x C2 x C2) : (C2 x C2)) x D30)",4
1920,236239,"C2 x C2 x (C3 : (C5 : ((C2 x C2 x C2) : (C2 x C2))))",8
1920,236240,"((C2 x C2 x C2) : (C2 x C2)) x S3 x D10",2
1920,236244,"C2 x ((C3 : ((C2 x C2 x C2) : (C2 x C2))) x D10)",4
1920,236246,"C2 x (S3 x (C5 : ((C2 x C2 x C2) : (C2 x C2))))",4
1920,236252,"C2 x C2 x (C3 : (C5 : ((C2 x C2 x C2) : (C2 x C2))))",8
1920,236257,"C2 x (((C2 x Q8) : C2) x D30)",4
1920,236260,"C2 x C2 x (C3 : (C5 : ((C2 x Q8) : C2)))",8
1920,236264,"((C2 x Q8) : C2) x S3 x D10",2
1920,236265,"C2 x ((C3 : ((C2 x Q8) : C2)) x D10)",4
1920,236267,"C2 x (S3 x (C5 : ((C2 x Q8) : C2)))",4
1920,236272,"C2 x C2 x (C3 : (C5 : ((C2 x Q8) : C2)))",8
1920,236318,"C3 : (C5 : ((C2 x ((C2 x C2 x C2) : (C2 x C2))) : C2))",2
1920,236324,"C3 : (C5 : ((C2 x ((C2 x C2 x C2) : (C2 x C2))) : C2))",2
1920,236332,"C3 : (C5 : ((C2 x ((C2 x Q8) : C2)) : C2))",2
1920,236338,"C3 : (C5 : ((C2 x ((C2 x Q8) : C2)) : C2))",2
1920,236343,"C2 x C2 x C2 x C2 x C2 x C2 x D30",64
1920,236344,"C2 x C2 x C2 x C2 x C2 x S3 x D10",32
1920,238598,"D10 x ((((C2 x C2 x C2 x C2) : C2) : C3) : C2)",1
1920,238599,"D10 x ((((C4 x C4) : C2) : C3) : C2)",1
1920,238620,"D80 x S4",2
1920,238632,"(C5 : Q16) x S4",2
1920,240127,"C2 x ((C5 : Q8) x S4)",4
1920,240142,"C2 x D40 x S4",4
1920,240151,"D8 x D10 x S4",2
1920,240175,"Q8 x D10 x S4",2
1920,240186,"C2 x (D10 x ((C2 . S4 = SL(2;3) . C2) : C2))",4
1920,240190,"C5 : (((((C2 x Q8) : C2) : C3) : C2) : C2)",2
1920,240195,"C2 x (D10 x ((((C4 x C2) : C2) : C3) : C2))",4
1920,240203,"C5 : (((((C2 x Q8) : C2) : C3) : C2) : C2)",2
1920,240399,"C2 x (S3 x (((C2 x C2 x C2 x C2) : C5) : C2))",2
1920,240407,"C2 x C2 x C2 x D10 x S4",8
1922,1,"D1922",1
1922,4,"(C31 x C31) : C2",1
1924,11,"D26 x D74",1
1924,14,"D1924",2
1926,3,"D1926",1
1926,9,"(C3 x C3) : D214",1
1928,10,"D1928",2
1928,11,"C241 : Q8",2
1928,12,"C2 x C2 x D482",4
1930,3,"D1930",1
1932,19,"D42 x D46",1
1932,21,"D14 x D138",1
1932,22,"S3 x D322",1
1932,33,"D1932",2
1934,1,"D1934",1
1936,3,"C121 : Q16",2
1936,7,"D1936",2
1936,27,"C2 x (C121 : Q8)",4
1936,29,"C2 x D968",4
1936,31,"D8 x D242",2
1936,33,"Q8 x D242",2
1936,41,"C2 x C2 x C2 x D242",8
1936,82,"(C11 x C11) : D16",2
1936,83,"(C11 x C11) : Q16",2
1936,117,"D22 x (C11 : Q8)",2
1936,124,"D22 x D88",2
1936,145,"C2 x ((C11 x C11) : Q8)",4
1936,147,"C2 x ((C11 x C11) : D8)",4
1936,149,"D8 x ((C11 x C11) : C2)",2
1936,151,"Q8 x ((C11 x C11) : C2)",2
1936,164,"C2 x C2 x D22 x D22",4
1936,166,"C2 x C2 x C2 x ((C11 x C11) : C2)",8
1938,11,"D1938",1
1940,11,"D10 x D194",1
1940,14,"D1940",2
1942,1,"D1942",1
1944,4,"C243 : Q8",2
1944,6,"D1944",2
1944,102,"C2 x C2 x D486",4
1944,510,"(C27 x C9) : Q8",2
1944,512,"(C27 x C9) : D8",2
1944,540,"(C81 x C3) : Q8",2
1944,542,"(C81 x C3) : D8",2
1944,805,"((C3 x ((C3 x C3) : C3)) : C3) : D8",1
1944,806,"((C3 x C3) . ((C3 x C3) : C3) = (C3 x C3 x C3) . (C3 x C3)) : D8",1
1944,947,"C2 x D18 x D54",2
1944,955,"C2 x S3 x D162",2
1944,1075,"C2 x C2 x ((C27 x C9) : C2)",4
1944,1085,"C2 x C2 x ((C81 x C3) : C2)",4
1944,2113,"(C9 x C9 x C3) : Q8",2
1944,2115,"(C9 x C9 x C3) : D8",2
1944,2125,"(C27 x C3 x C3) : Q8",2
1944,2127,"(C27 x C3 x C3) : D8",2
1944,2339,"S3 x D18 x D18",1
1944,2343,"S3 x S3 x D54",1
1944,2703,"C2 x (((C9 x C3) : C2) x D18)",2
1944,2704,"C2 x (S3 x ((C9 x C9) : C2))",2
1944,2712,"C2 x (S3 x ((C27 x C3) : C2))",2
1944,2713,"C2 x (((C3 x C3) : C2) x D54)",2
1944,2936,"C2 x C2 x ((C9 x C9 x C3) : C2)",4
1944,2940,"C2 x C2 x ((C27 x C3 x C3) : C2)",4
1944,3401,"(C9 x C3 x C3 x C3) : Q8",2
1944,3403,"(C9 x C3 x C3 x C3) : D8",2
1944,3567,"((C3 x C3) : C2) x S3 x D18",1
1944,3568,"S3 x S3 x ((C9 x C3) : C2)",1
1944,3715,"C2 x (S3 x ((C9 x C3 x C3) : C2))",2
1944,3716,"C2 x (((C3 x C3 x C3) : C2) x D18)",2
1944,3719,"C2 x (((C3 x C3) : C2) x ((C9 x C3) : C2))",2
1944,3773,"C2 x C2 x ((C9 x C3 x C3 x C3) : C2)",4
1944,3866,"(C3 x C3 x C3 x C3 x C3) : Q8",2
1944,3868,"(C3 x C3 x C3 x C3 x C3) : D8",2
1944,3936,"((C3 x C3 x C3) : C2) x S3 x S3",1
1944,3937,"((C3 x C3) : C2) x ((C3 x C3) : C2) x S3",1
1944,3963,"C2 x (((C3 x C3 x C3 x C3) : C2) x S3)",2
1944,3964,"C2 x (((C3 x C3 x C3) : C2) x ((C3 x C3) : C2))",2
1944,3972,"C2 x C2 x ((C3 x C3 x C3 x C3 x C3) : C2)",4
1946,3,"D1946",1
1948,3,"D1948",2
1950,11,"D1950",1
1950,39,"C3 : ((C5 x C5) : D26)",1
1952,88,"D1952",2
1952,93,"C61 : Q32",2
1952,143,"C61 : ((C4 x C4) : C2)",4
1952,146,"C61 : (C4 : Q8)",4
1952,155,"D16 x D122",2
1952,157,"C2 x D976",4
1952,162,"Q16 x D122",2
1952,164,"C2 x (C61 : Q16)",4
1952,182,"C2 x D8 x D122",4
1952,184,"C2 x C2 x D488",8
1952,185,"C2 x Q8 x D122",4
1952,186,"C2 x C2 x (C61 : Q8)",8
1952,192,"C61 : ((C2 x C2 x C2) : (C2 x C2))",2
1952,193,"C61 : ((C2 x Q8) : C2)",2
1952,195,"C2 x C2 x C2 x C2 x D122",16
1954,1,"D1954",1
1956,8,"S3 x D326",1
1956,14,"D1956",2
1958,5,"D1958",1
1960,24,"C5 : (C49 : Q8)",2
1960,26,"D1960",2
1960,36,"C2 x D10 x D98",2
1960,39,"C2 x C2 x D490",4
1960,104,"C5 : ((C7 x C7) : Q8)",2
1960,106,"C5 : ((C7 x C7) : D8)",2
1960,126,"D10 x D14 x D14",1
1960,136,"C2 x (D10 x ((C7 x C7) : C2))",2
1960,137,"C2 x D70 x D14",2
1960,143,"C2 x C2 x (C5 : ((C7 x C7) : C2))",4
1962,5,"D1962",1
1962,17,"(C3 x C3) : D218",1
1964,3,"D1964",2
1966,1,"D1966",1
1968,68,"D1968",2
1968,69,"C3 : (C41 : Q16)",2
1968,121,"(C3 : Q8) x D82",2
1968,124,"S3 x (C41 : Q8)",2
1968,132,"D24 x D82",2
1968,133,"S3 x D328",2
1968,171,"C2 x (C3 : (C41 : Q8))",4
1968,173,"C2 x D984",4
1968,175,"D8 x D246",2
1968,177,"Q8 x D246",2
1968,188,"D82 x S4",1
1968,197,"C2 x C2 x S3 x D82",4
1968,202,"C2 x C2 x C2 x D246",8
1970,3,"D1970",1
1972,11,"D34 x D58",1
1972,14,"D1972",2
1974,11,"D1974",1
1976,24,"C13 : (C19 : Q8)",2
1976,26,"D1976",2
1976,35,"C2 x D26 x D38",2
1976,38,"C2 x C2 x D494",4
1978,3,"D1978",1
1980,25,"D22 x D90",1
1980,27,"D10 x D198",1
1980,28,"D110 x D18",1
1980,37,"D1980",2
1980,93,"((C15 x C3) : C2) x D22",1
1980,95,"D10 x ((C3 x C3) : D22)",1
1980,96,"((C3 x C3) : C2) x D110",1
1980,102,"D30 x D66",1
1980,103,"S3 x D330",1
1980,119,"C2 x ((C3 x C3) : D110)",2
1982,1,"D1982",1
1984,385,"D1984",2
1984,390,"C31 : Q64",2
1984,926,"C31 : (((C4 x C4) : C2) : C2)",4
1984,929,"C31 : (C4 : Q16)",4
1984,954,"C31 : (C8 : Q8)",4
1984,968,"D32 x D62",2
1984,970,"C2 x D992",4
1984,975,"Q32 x D62",2
1984,977,"C2 x (C31 : Q32)",4
1984,1033,"((C2 x C2 x C2 x C2) : C2) x D62",4
1984,1087,"((C4 x C4) : C2) x D62",4
1984,1089,"C2 x (C31 : ((C4 x C4) : C2))",8
1984,1090,"(C4 : Q8) x D62",4
1984,1093,"C2 x (C31 : (C4 : Q8))",8
1984,1185,"D8 x D248",4
1984,1215,"D8 x (C31 : Q8)",4
1984,1216,"Q8 x D248",4
1984,1280,"Q8 x (C31 : Q8)",4
1984,1317,"C2 x D16 x D62",4
1984,1319,"C2 x C2 x D496",8
1984,1324,"C2 x Q16 x D62",4
1984,1326,"C2 x C2 x (C31 : Q16)",8
1984,1351,"C31 : ((C2 x D16) : C2)",2
1984,1354,"C31 : ((C2 x D16) : C2)",2
1984,1363,"C31 : ((C2 x Q16) : C2)",2
1984,1366,"C31 : ((C2 x Q16) : C2)",2
1984,1369,"C2 x C2 x D8 x D62",8
1984,1371,"C2 x C2 x C2 x D248",16
1984,1372,"C2 x C2 x Q8 x D62",8
1984,1373,"C2 x C2 x C2 x (C31 : Q8)",16
1984,1378,"((C2 x C2 x C2) : (C2 x C2)) x D62",2
1984,1380,"C2 x (C31 : ((C2 x C2 x C2) : (C2 x C2)))",4
1984,1381,"((C2 x Q8) : C2) x D62",2
1984,1382,"C2 x (C31 : ((C2 x Q8) : C2))",4
1984,1387,"C2 x C2 x C2 x C2 x C2 x D62",32
1986,5,"D1986",1
1988,9,"D14 x D142",1
1988,12,"D1988",2
1990,3,"D1990",1
1992,23,"C3 : (C83 : Q8)",2
1992,25,"D1992",2
1992,34,"C2 x S3 x D166",2
1992,38,"C2 x C2 x D498",4
1994,1,"D1994",1
1996,3,"D1996",2
1998,5,"D1998",1
1998,44,"(C9 x C3) : D74",1
1998,65,"(C3 x C3 x C3) : D74",1
2000,4,"C125 : Q16",2
2000,8,"D2000",2
2000,35,"C2 x (C125 : Q8)",4
2000,37,"C2 x D1000",4
2000,39,"D8 x D250",2
2000,41,"Q8 x D250",2
2000,60,"C2 x C2 x C2 x D250",8
2000,178,"(C25 x C5) : Q16",2
2000,182,"(C25 x C5) : D16",2
2000,351,"(C5 : Q8) x D50",2
2000,356,"D10 x (C25 : Q8)",2
2000,362,"D40 x D50",2
2000,363,"D10 x D200",2
2000,436,"C2 x ((C25 x C5) : Q8)",4
2000,438,"C2 x ((C25 x C5) : D8)",4
2000,444,"D8 x ((C25 x C5) : C2)",2
2000,448,"Q8 x ((C25 x C5) : C2)",2
2000,500,"C2 x C2 x D10 x D50",4
2000,506,"C2 x C2 x C2 x ((C25 x C5) : C2)",8
2000,604,"(C5 x C5 x C5) : D16",2
2000,605,"(C5 x C5 x C5) : Q16",2
2000,825,"((C5 x C5) : C2) x (C5 : Q8)",2
2000,828,"((C5 x C5) : Q8) x D10",2
2000,836,"((C5 x C5) : C2) x D40",2
2000,837,"((C5 x C5) : D8) x D10",2
2000,882,"C2 x ((C5 x C5 x C5) : Q8)",4
2000,884,"C2 x ((C5 x C5 x C5) : D8)",4
2000,886,"D8 x ((C5 x C5 x C5) : C2)",2
2000,888,"Q8 x ((C5 x C5 x C5) : C2)",2
2000,946,"C2 x D10 x D10 x D10",2
2000,958,"C2 x C2 x (((C5 x C5) : C2) x D10)",4
2000,962,"C2 x C2 x C2 x ((C5 x C5 x C5) : C2)",8
